index,name,base_name,Label Name,network,component,hemisphere,degree,strength,betweenness,global_efficiency,group,median_age,mean_age,sd_age,n_participants
1,7Networks_LH_Vis_1,7networks_lh_vis,7Networks_LH_Vis,visual,visual,L,207.0,28.084657863145214,140017.0,-7.186067873193117e-06,Q41,38.245000000000005,38.218,0.3279372762326018,50
2,7Networks_LH_Vis_2,7networks_lh_vis,7Networks_LH_Vis,visual,visual,L,227.0,33.91716686674669,97313.0,-7.186067873193117e-06,Q41,38.245000000000005,38.218,0.3279372762326018,50
3,7Networks_LH_Vis_3,7networks_lh_vis,7Networks_LH_Vis,visual,visual,L,181.0,20.956494597839136,175580.0,-7.186067873193117e-06,Q41,38.245000000000005,38.218,0.3279372762326018,50
4,7Networks_LH_Vis_4,7networks_lh_vis,7Networks_LH_Vis,visual,visual,L,230.0,36.517214885954424,108898.0,-7.186067873193117e-06,Q41,38.245000000000005,38.218,0.3279372762326018,50
5,7Networks_LH_Vis_5,7networks_lh_vis,7Networks_LH_Vis,visual,visual,L,270.0,51.173637454981986,180077.0,-7.186067873193117e-06,Q41,38.245000000000005,38.218,0.3279372762326018,50
6,7Networks_LH_Vis_6,7networks_lh_vis,7Networks_LH_Vis,visual,visual,L,300.0,57.9816086434574,21246.5,-7.186067873193117e-06,Q41,38.245000000000005,38.218,0.3279372762326018,50
7,7Networks_LH_Vis_7,7networks_lh_vis,7Networks_LH_Vis,visual,visual,L,240.0,40.317647058823546,73183.0,-7.186067873193117e-06,Q41,38.245000000000005,38.218,0.3279372762326018,50
8,7Networks_LH_Vis_8,7networks_lh_vis,7Networks_LH_Vis,visual,visual,L,326.0,72.02444177671072,3.0,-7.186067873193117e-06,Q41,38.245000000000005,38.218,0.3279372762326018,50
9,7Networks_LH_Vis_9,7networks_lh_vis,7Networks_LH_Vis,visual,visual,L,301.0,61.21839135654259,103771.0,-7.186067873193117e-06,Q41,38.245000000000005,38.218,0.3279372762326018,50
10,7Networks_LH_Vis_10,7networks_lh_vis,7Networks_LH_Vis,visual,visual,L,168.0,14.08494597839135,180970.0,-7.186067873193117e-06,Q41,38.245000000000005,38.218,0.3279372762326018,50
11,7Networks_LH_Vis_11,7networks_lh_vis,7Networks_LH_Vis,visual,visual,L,243.0,45.23951980792318,108356.0,-7.186067873193117e-06,Q41,38.245000000000005,38.218,0.3279372762326018,50
12,7Networks_LH_Vis_12,7networks_lh_vis,7Networks_LH_Vis,visual,visual,L,320.0,72.82866746698681,2228.0,-7.186067873193117e-06,Q41,38.245000000000005,38.218,0.3279372762326018,50
13,7Networks_LH_Vis_13,7networks_lh_vis,7Networks_LH_Vis,visual,visual,L,211.0,31.610612244897926,133162.0,-7.186067873193117e-06,Q41,38.245000000000005,38.218,0.3279372762326018,50
14,7Networks_LH_Vis_14,7networks_lh_vis,7Networks_LH_Vis,visual,visual,L,298.0,59.812196878751436,40575.0,-7.186067873193117e-06,Q41,38.245000000000005,38.218,0.3279372762326018,50
15,7Networks_LH_Vis_15,7networks_lh_vis,7Networks_LH_Vis,visual,visual,L,263.0,52.51683073229294,118204.0,-7.186067873193117e-06,Q41,38.245000000000005,38.218,0.3279372762326018,50
16,7Networks_LH_Vis_16,7networks_lh_vis,7Networks_LH_Vis,visual,visual,L,223.0,41.10881152460982,50416.0,-7.186067873193117e-06,Q41,38.245000000000005,38.218,0.3279372762326018,50
17,7Networks_LH_Vis_17,7networks_lh_vis,7Networks_LH_Vis,visual,visual,L,220.0,35.871068427370936,94292.0,-7.186067873193117e-06,Q41,38.245000000000005,38.218,0.3279372762326018,50
18,7Networks_LH_Vis_18,7networks_lh_vis,7Networks_LH_Vis,visual,visual,L,243.0,43.83735894357734,150604.0,-7.186067873193117e-06,Q41,38.245000000000005,38.218,0.3279372762326018,50
19,7Networks_LH_Vis_19,7networks_lh_vis,7Networks_LH_Vis,visual,visual,L,277.0,58.18655462184871,70308.0,-7.186067873193117e-06,Q41,38.245000000000005,38.218,0.3279372762326018,50
20,7Networks_LH_Vis_20,7networks_lh_vis,7Networks_LH_Vis,visual,visual,L,189.0,25.357839135654284,100813.0,-7.186067873193117e-06,Q41,38.245000000000005,38.218,0.3279372762326018,50
21,7Networks_LH_Vis_21,7networks_lh_vis,7Networks_LH_Vis,visual,visual,L,260.0,56.028091236494596,90737.0,-7.186067873193117e-06,Q41,38.245000000000005,38.218,0.3279372762326018,50
22,7Networks_LH_Vis_22,7networks_lh_vis,7Networks_LH_Vis,visual,visual,L,218.0,36.58607442977188,154818.0,-7.186067873193117e-06,Q41,38.245000000000005,38.218,0.3279372762326018,50
23,7Networks_LH_Vis_23,7networks_lh_vis,7Networks_LH_Vis,visual,visual,L,308.0,64.23678271308529,28500.0,-7.186067873193117e-06,Q41,38.245000000000005,38.218,0.3279372762326018,50
24,7Networks_LH_Vis_24,7networks_lh_vis,7Networks_LH_Vis,visual,visual,L,240.0,47.46857142857139,100342.0,-7.186067873193117e-06,Q41,38.245000000000005,38.218,0.3279372762326018,50
25,7Networks_LH_Vis_25,7networks_lh_vis,7Networks_LH_Vis,visual,visual,L,213.0,38.1793517406963,61685.0,-7.186067873193117e-06,Q41,38.245000000000005,38.218,0.3279372762326018,50
26,7Networks_LH_Vis_26,7networks_lh_vis,7Networks_LH_Vis,visual,visual,L,229.0,39.56902761104446,88256.0,-7.186067873193117e-06,Q41,38.245000000000005,38.218,0.3279372762326018,50
27,7Networks_LH_Vis_27,7networks_lh_vis,7Networks_LH_Vis,visual,visual,L,201.0,25.419399759903943,58146.0,-7.186067873193117e-06,Q41,38.245000000000005,38.218,0.3279372762326018,50
28,7Networks_LH_Vis_28,7networks_lh_vis,7Networks_LH_Vis,visual,visual,L,213.0,31.425450180072055,119655.0,-7.186067873193117e-06,Q41,38.245000000000005,38.218,0.3279372762326018,50
29,7Networks_LH_Vis_29,7networks_lh_vis,7Networks_LH_Vis,visual,visual,L,208.0,33.223769507803105,152480.0,-7.186067873193117e-06,Q41,38.245000000000005,38.218,0.3279372762326018,50
30,7Networks_LH_Vis_30,7networks_lh_vis,7Networks_LH_Vis,visual,visual,L,245.0,46.843841536614676,86961.0,-7.186067873193117e-06,Q41,38.245000000000005,38.218,0.3279372762326018,50
31,7Networks_LH_Vis_31,7networks_lh_vis,7Networks_LH_Vis,visual,visual,L,220.0,32.56494597839134,152936.0,-7.186067873193117e-06,Q41,38.245000000000005,38.218,0.3279372762326018,50
32,7Networks_LH_SomMot_1,7networks_lh_sommot,7Networks_LH_SomMot,somatomotor,somatomotor,L,213.0,34.310828331332516,96154.0,-7.186067873193117e-06,Q41,38.245000000000005,38.218,0.3279372762326018,50
33,7Networks_LH_SomMot_2,7networks_lh_sommot,7Networks_LH_SomMot,somatomotor,somatomotor,L,194.0,23.180360144057627,182601.0,-7.186067873193117e-06,Q41,38.245000000000005,38.218,0.3279372762326018,50
34,7Networks_LH_SomMot_3,7networks_lh_sommot,7Networks_LH_SomMot,somatomotor,somatomotor,L,250.0,43.50986794717886,163317.0,-7.186067873193117e-06,Q41,38.245000000000005,38.218,0.3279372762326018,50
35,7Networks_LH_SomMot_4,7networks_lh_sommot,7Networks_LH_SomMot,somatomotor,somatomotor,L,262.0,46.52374549819929,118370.0,-7.186067873193117e-06,Q41,38.245000000000005,38.218,0.3279372762326018,50
36,7Networks_LH_SomMot_5,7networks_lh_sommot,7Networks_LH_SomMot,somatomotor,somatomotor,L,176.0,21.033421368547423,93868.0,-7.186067873193117e-06,Q41,38.245000000000005,38.218,0.3279372762326018,50
37,7Networks_LH_SomMot_6,7networks_lh_sommot,7Networks_LH_SomMot,somatomotor,somatomotor,L,250.0,44.94631452581029,53025.0,-7.186067873193117e-06,Q41,38.245000000000005,38.218,0.3279372762326018,50
38,7Networks_LH_SomMot_7,7networks_lh_sommot,7Networks_LH_SomMot,somatomotor,somatomotor,L,248.0,44.486674669867924,87511.0,-7.186067873193117e-06,Q41,38.245000000000005,38.218,0.3279372762326018,50
39,7Networks_LH_SomMot_8,7networks_lh_sommot,7Networks_LH_SomMot,somatomotor,somatomotor,L,207.0,30.037791116446588,182474.0,-7.186067873193117e-06,Q41,38.245000000000005,38.218,0.3279372762326018,50
40,7Networks_LH_SomMot_9,7networks_lh_sommot,7Networks_LH_SomMot,somatomotor,somatomotor,L,257.0,51.359663865546224,25448.0,-7.186067873193117e-06,Q41,38.245000000000005,38.218,0.3279372762326018,50
41,7Networks_LH_SomMot_10,7networks_lh_sommot,7Networks_LH_SomMot,somatomotor,somatomotor,L,172.0,19.481440576230487,150600.0,-7.186067873193117e-06,Q41,38.245000000000005,38.218,0.3279372762326018,50
42,7Networks_LH_SomMot_11,7networks_lh_sommot,7Networks_LH_SomMot,somatomotor,somatomotor,L,235.0,41.30444177671068,43387.0,-7.186067873193117e-06,Q41,38.245000000000005,38.218,0.3279372762326018,50
43,7Networks_LH_SomMot_12,7networks_lh_sommot,7Networks_LH_SomMot,somatomotor,somatomotor,L,296.0,58.75865546218488,104769.0,-7.186067873193117e-06,Q41,38.245000000000005,38.218,0.3279372762326018,50
44,7Networks_LH_SomMot_13,7networks_lh_sommot,7Networks_LH_SomMot,somatomotor,somatomotor,L,145.0,10.036254501800714,196243.0,-7.186067873193117e-06,Q41,38.245000000000005,38.218,0.3279372762326018,50
45,7Networks_LH_SomMot_14,7networks_lh_sommot,7Networks_LH_SomMot,somatomotor,somatomotor,L,307.0,64.06717887154862,171632.0,-7.186067873193117e-06,Q41,38.245000000000005,38.218,0.3279372762326018,50
46,7Networks_LH_SomMot_15,7networks_lh_sommot,7Networks_LH_SomMot,somatomotor,somatomotor,L,239.0,37.43111644657867,106883.0,-7.186067873193117e-06,Q41,38.245000000000005,38.218,0.3279372762326018,50
47,7Networks_LH_SomMot_16,7networks_lh_sommot,7Networks_LH_SomMot,somatomotor,somatomotor,L,253.0,45.477791116446596,79432.0,-7.186067873193117e-06,Q41,38.245000000000005,38.218,0.3279372762326018,50
48,7Networks_LH_SomMot_17,7networks_lh_sommot,7Networks_LH_SomMot,somatomotor,somatomotor,L,269.0,50.61517406962784,64727.0,-7.186067873193117e-06,Q41,38.245000000000005,38.218,0.3279372762326018,50
49,7Networks_LH_SomMot_18,7networks_lh_sommot,7Networks_LH_SomMot,somatomotor,somatomotor,L,347.0,87.92206482593026,1.0,-7.186067873193117e-06,Q41,38.245000000000005,38.218,0.3279372762326018,50
50,7Networks_LH_SomMot_19,7networks_lh_sommot,7Networks_LH_SomMot,somatomotor,somatomotor,L,260.0,48.264825930372155,88395.0,-7.186067873193117e-06,Q41,38.245000000000005,38.218,0.3279372762326018,50
51,7Networks_LH_SomMot_20,7networks_lh_sommot,7Networks_LH_SomMot,somatomotor,somatomotor,L,236.0,39.008547418967616,73366.0,-7.186067873193117e-06,Q41,38.245000000000005,38.218,0.3279372762326018,50
52,7Networks_LH_SomMot_21,7networks_lh_sommot,7Networks_LH_SomMot,somatomotor,somatomotor,L,259.0,47.7304681872749,57541.0,-7.186067873193117e-06,Q41,38.245000000000005,38.218,0.3279372762326018,50
53,7Networks_LH_SomMot_22,7networks_lh_sommot,7Networks_LH_SomMot,somatomotor,somatomotor,L,257.0,45.93896758703476,98633.0,-7.186067873193117e-06,Q41,38.245000000000005,38.218,0.3279372762326018,50
54,7Networks_LH_SomMot_23,7networks_lh_sommot,7Networks_LH_SomMot,somatomotor,somatomotor,L,249.0,47.740744297719104,54834.0,-7.186067873193117e-06,Q41,38.245000000000005,38.218,0.3279372762326018,50
55,7Networks_LH_SomMot_24,7networks_lh_sommot,7Networks_LH_SomMot,somatomotor,somatomotor,L,239.0,41.13867947178872,69936.0,-7.186067873193117e-06,Q41,38.245000000000005,38.218,0.3279372762326018,50
56,7Networks_LH_SomMot_25,7networks_lh_sommot,7Networks_LH_SomMot,somatomotor,somatomotor,L,301.0,61.295798319327744,17237.0,-7.186067873193117e-06,Q41,38.245000000000005,38.218,0.3279372762326018,50
57,7Networks_LH_SomMot_26,7networks_lh_sommot,7Networks_LH_SomMot,somatomotor,somatomotor,L,201.0,25.22972388955582,85697.0,-7.186067873193117e-06,Q41,38.245000000000005,38.218,0.3279372762326018,50
58,7Networks_LH_SomMot_27,7networks_lh_sommot,7Networks_LH_SomMot,somatomotor,somatomotor,L,236.0,37.26439375750299,67327.0,-7.186067873193117e-06,Q41,38.245000000000005,38.218,0.3279372762326018,50
59,7Networks_LH_SomMot_28,7networks_lh_sommot,7Networks_LH_SomMot,somatomotor,somatomotor,L,284.0,57.49786314525814,53091.0,-7.186067873193117e-06,Q41,38.245000000000005,38.218,0.3279372762326018,50
60,7Networks_LH_SomMot_29,7networks_lh_sommot,7Networks_LH_SomMot,somatomotor,somatomotor,L,169.0,19.59563025210083,96211.0,-7.186067873193117e-06,Q41,38.245000000000005,38.218,0.3279372762326018,50
61,7Networks_LH_SomMot_30,7networks_lh_sommot,7Networks_LH_SomMot,somatomotor,somatomotor,L,195.0,23.267274909963977,140373.0,-7.186067873193117e-06,Q41,38.245000000000005,38.218,0.3279372762326018,50
62,7Networks_LH_SomMot_31,7networks_lh_sommot,7Networks_LH_SomMot,somatomotor,somatomotor,L,239.0,39.480960384153676,160209.0,-7.186067873193117e-06,Q41,38.245000000000005,38.218,0.3279372762326018,50
63,7Networks_LH_SomMot_32,7networks_lh_sommot,7Networks_LH_SomMot,somatomotor,somatomotor,L,211.0,31.029195678271318,135652.0,-7.186067873193117e-06,Q41,38.245000000000005,38.218,0.3279372762326018,50
64,7Networks_LH_SomMot_33,7networks_lh_sommot,7Networks_LH_SomMot,somatomotor,somatomotor,L,261.0,57.14511404561823,139327.0,-7.186067873193117e-06,Q41,38.245000000000005,38.218,0.3279372762326018,50
65,7Networks_LH_SomMot_34,7networks_lh_sommot,7Networks_LH_SomMot,somatomotor,somatomotor,L,234.0,40.16782713085234,70673.0,-7.186067873193117e-06,Q41,38.245000000000005,38.218,0.3279372762326018,50
66,7Networks_LH_SomMot_35,7networks_lh_sommot,7Networks_LH_SomMot,somatomotor,somatomotor,L,242.0,39.90439375750301,140770.0,-7.186067873193117e-06,Q41,38.245000000000005,38.218,0.3279372762326018,50
67,7Networks_LH_SomMot_36,7networks_lh_sommot,7Networks_LH_SomMot,somatomotor,somatomotor,L,228.0,37.86540216086431,44915.0,-7.186067873193117e-06,Q41,38.245000000000005,38.218,0.3279372762326018,50
68,7Networks_LH_SomMot_37,7networks_lh_sommot,7Networks_LH_SomMot,somatomotor,somatomotor,L,227.0,45.38146458583439,95815.0,-7.186067873193117e-06,Q41,38.245000000000005,38.218,0.3279372762326018,50
69,7Networks_LH_DorsAttn_Post_1,7networks_lh_dorsattn_post,7Networks_LH_DorsAttn_Post,dorsal attention,posterior,L,282.0,56.6893157262905,131159.0,-7.186067873193117e-06,Q41,38.245000000000005,38.218,0.3279372762326018,50
70,7Networks_LH_DorsAttn_Post_2,7networks_lh_dorsattn_post,7Networks_LH_DorsAttn_Post,dorsal attention,posterior,L,285.0,55.684081632653054,37181.0,-7.186067873193117e-06,Q41,38.245000000000005,38.218,0.3279372762326018,50
71,7Networks_LH_DorsAttn_Post_3,7networks_lh_dorsattn_post,7Networks_LH_DorsAttn_Post,dorsal attention,posterior,L,114.0,-3.0270828331332487,137629.0,-7.186067873193117e-06,Q41,38.245000000000005,38.218,0.3279372762326018,50
72,7Networks_LH_DorsAttn_Post_4,7networks_lh_dorsattn_post,7Networks_LH_DorsAttn_Post,dorsal attention,posterior,L,173.0,19.094501800720288,182234.0,-7.186067873193117e-06,Q41,38.245000000000005,38.218,0.3279372762326018,50
73,7Networks_LH_DorsAttn_Post_5,7networks_lh_dorsattn_post,7Networks_LH_DorsAttn_Post,dorsal attention,posterior,L,160.0,13.798079231692668,182958.0,-7.186067873193117e-06,Q41,38.245000000000005,38.218,0.3279372762326018,50
74,7Networks_LH_DorsAttn_Post_6,7networks_lh_dorsattn_post,7Networks_LH_DorsAttn_Post,dorsal attention,posterior,L,240.0,37.56307322929176,100368.0,-7.186067873193117e-06,Q41,38.245000000000005,38.218,0.3279372762326018,50
75,7Networks_LH_DorsAttn_Post_7,7networks_lh_dorsattn_post,7Networks_LH_DorsAttn_Post,dorsal attention,posterior,L,198.0,27.56662665066024,108562.0,-7.186067873193117e-06,Q41,38.245000000000005,38.218,0.3279372762326018,50
76,7Networks_LH_DorsAttn_Post_8,7networks_lh_dorsattn_post,7Networks_LH_DorsAttn_Post,dorsal attention,posterior,L,219.0,29.949915966386545,103496.0,-7.186067873193117e-06,Q41,38.245000000000005,38.218,0.3279372762326018,50
77,7Networks_LH_DorsAttn_Post_9,7networks_lh_dorsattn_post,7Networks_LH_DorsAttn_Post,dorsal attention,posterior,L,208.0,30.35164465786313,126570.0,-7.186067873193117e-06,Q41,38.245000000000005,38.218,0.3279372762326018,50
78,7Networks_LH_DorsAttn_Post_10,7networks_lh_dorsattn_post,7Networks_LH_DorsAttn_Post,dorsal attention,posterior,L,186.0,19.68168067226889,107897.0,-7.186067873193117e-06,Q41,38.245000000000005,38.218,0.3279372762326018,50
79,7Networks_LH_DorsAttn_Post_11,7networks_lh_dorsattn_post,7Networks_LH_DorsAttn_Post,dorsal attention,posterior,L,229.0,37.89565426170468,105097.0,-7.186067873193117e-06,Q41,38.245000000000005,38.218,0.3279372762326018,50
80,7Networks_LH_DorsAttn_Post_12,7networks_lh_dorsattn_post,7Networks_LH_DorsAttn_Post,dorsal attention,posterior,L,243.0,44.15851140456181,36365.0,-7.186067873193117e-06,Q41,38.245000000000005,38.218,0.3279372762326018,50
81,7Networks_LH_DorsAttn_Post_13,7networks_lh_dorsattn_post,7Networks_LH_DorsAttn_Post,dorsal attention,posterior,L,257.0,44.299879951980806,64601.0,-7.186067873193117e-06,Q41,38.245000000000005,38.218,0.3279372762326018,50
82,7Networks_LH_DorsAttn_Post_14,7networks_lh_dorsattn_post,7Networks_LH_DorsAttn_Post,dorsal attention,posterior,L,278.0,47.05771908763501,28645.0,-7.186067873193117e-06,Q41,38.245000000000005,38.218,0.3279372762326018,50
83,7Networks_LH_DorsAttn_Post_15,7networks_lh_dorsattn_post,7Networks_LH_DorsAttn_Post,dorsal attention,posterior,L,254.0,46.391212484993964,16692.0,-7.186067873193117e-06,Q41,38.245000000000005,38.218,0.3279372762326018,50
84,7Networks_LH_DorsAttn_Post_16,7networks_lh_dorsattn_post,7Networks_LH_DorsAttn_Post,dorsal attention,posterior,L,250.0,44.13018007202884,24694.0,-7.186067873193117e-06,Q41,38.245000000000005,38.218,0.3279372762326018,50
85,7Networks_LH_DorsAttn_Post_17,7networks_lh_dorsattn_post,7Networks_LH_DorsAttn_Post,dorsal attention,posterior,L,180.0,21.48384153661462,62817.0,-7.186067873193117e-06,Q41,38.245000000000005,38.218,0.3279372762326018,50
86,7Networks_LH_DorsAttn_FEF_1,7networks_lh_dorsattn_fef,7Networks_LH_DorsAttn_FEF,dorsal attention,frontal eye fields,L,303.0,64.59481392557025,36394.0,-7.186067873193117e-06,Q41,38.245000000000005,38.218,0.3279372762326018,50
87,7Networks_LH_DorsAttn_FEF_2,7networks_lh_dorsattn_fef,7Networks_LH_DorsAttn_FEF,dorsal attention,frontal eye fields,L,179.0,21.697719087635058,100365.0,-7.186067873193117e-06,Q41,38.245000000000005,38.218,0.3279372762326018,50
88,7Networks_LH_DorsAttn_FEF_3,7networks_lh_dorsattn_fef,7Networks_LH_DorsAttn_FEF,dorsal attention,frontal eye fields,L,261.0,48.287394957983196,74769.0,-7.186067873193117e-06,Q41,38.245000000000005,38.218,0.3279372762326018,50
89,7Networks_LH_DorsAttn_FEF_4,7networks_lh_dorsattn_fef,7Networks_LH_DorsAttn_FEF,dorsal attention,frontal eye fields,L,85.0,-19.068475390156053,194694.0,-7.186067873193117e-06,Q41,38.245000000000005,38.218,0.3279372762326018,50
90,7Networks_LH_DorsAttn_PrCv_1,7networks_lh_dorsattn_prcv,7Networks_LH_DorsAttn_PrCv,dorsal attention,precentral ventral,L,293.0,60.33848739495796,5431.0,-7.186067873193117e-06,Q41,38.245000000000005,38.218,0.3279372762326018,50
91,7Networks_LH_DorsAttn_PrCv_2,7networks_lh_dorsattn_prcv,7Networks_LH_DorsAttn_PrCv,dorsal attention,precentral ventral,L,202.0,31.74679471788716,68453.0,-7.186067873193117e-06,Q41,38.245000000000005,38.218,0.3279372762326018,50
92,7Networks_LH_SalVentAttn_ParOper_1,7networks_lh_salventattn_paroper,7Networks_LH_SalVentAttn_ParOper,salience / ventral attention,parietal operculum,L,289.0,64.35126050420166,14323.5,-7.186067873193117e-06,Q41,38.245000000000005,38.218,0.3279372762326018,50
93,7Networks_LH_SalVentAttn_ParOper_2,7networks_lh_salventattn_paroper,7Networks_LH_SalVentAttn_ParOper,salience / ventral attention,parietal operculum,L,259.0,51.69675870348133,100310.0,-7.186067873193117e-06,Q41,38.245000000000005,38.218,0.3279372762326018,50
94,7Networks_LH_SalVentAttn_ParOper_3,7networks_lh_salventattn_paroper,7Networks_LH_SalVentAttn_ParOper,salience / ventral attention,parietal operculum,L,292.0,59.408355342136815,11026.5,-7.186067873193117e-06,Q41,38.245000000000005,38.218,0.3279372762326018,50
95,7Networks_LH_SalVentAttn_ParOper_4,7networks_lh_salventattn_paroper,7Networks_LH_SalVentAttn_ParOper,salience / ventral attention,parietal operculum,L,297.0,67.08998799519809,93561.0,-7.186067873193117e-06,Q41,38.245000000000005,38.218,0.3279372762326018,50
96,7Networks_LH_SalVentAttn_TempOcc_1,7networks_lh_salventattn_tempocc,7Networks_LH_SalVentAttn_TempOcc,salience / ventral attention,temporal occipital,L,205.0,30.97282112845137,179625.0,-7.186067873193117e-06,Q41,38.245000000000005,38.218,0.3279372762326018,50
97,7Networks_LH_SalVentAttn_FrOperIns_1,7networks_lh_salventattn_froperins,7Networks_LH_SalVentAttn_FrOperIns,salience / ventral attention,frontal operculum insula,L,247.0,44.84268907563025,55039.0,-7.186067873193117e-06,Q41,38.245000000000005,38.218,0.3279372762326018,50
98,7Networks_LH_SalVentAttn_FrOperIns_2,7networks_lh_salventattn_froperins,7Networks_LH_SalVentAttn_FrOperIns,salience / ventral attention,frontal operculum insula,L,260.0,46.48782713085235,107169.0,-7.186067873193117e-06,Q41,38.245000000000005,38.218,0.3279372762326018,50
99,7Networks_LH_SalVentAttn_FrOperIns_3,7networks_lh_salventattn_froperins,7Networks_LH_SalVentAttn_FrOperIns,salience / ventral attention,frontal operculum insula,L,193.0,23.738535414165664,156110.0,-7.186067873193117e-06,Q41,38.245000000000005,38.218,0.3279372762326018,50
100,7Networks_LH_SalVentAttn_FrOperIns_4,7networks_lh_salventattn_froperins,7Networks_LH_SalVentAttn_FrOperIns,salience / ventral attention,frontal operculum insula,L,295.0,60.97061224489795,135206.0,-7.186067873193117e-06,Q41,38.245000000000005,38.218,0.3279372762326018,50
101,7Networks_LH_SalVentAttn_FrOperIns_5,7networks_lh_salventattn_froperins,7Networks_LH_SalVentAttn_FrOperIns,salience / ventral attention,frontal operculum insula,L,232.0,40.27231692677073,68576.0,-7.186067873193117e-06,Q41,38.245000000000005,38.218,0.3279372762326018,50
102,7Networks_LH_SalVentAttn_FrOperIns_6,7networks_lh_salventattn_froperins,7Networks_LH_SalVentAttn_FrOperIns,salience / ventral attention,frontal operculum insula,L,206.0,27.17488595438174,185098.0,-7.186067873193117e-06,Q41,38.245000000000005,38.218,0.3279372762326018,50
103,7Networks_LH_SalVentAttn_FrOperIns_7,7networks_lh_salventattn_froperins,7Networks_LH_SalVentAttn_FrOperIns,salience / ventral attention,frontal operculum insula,L,219.0,32.336374549819986,182456.0,-7.186067873193117e-06,Q41,38.245000000000005,38.218,0.3279372762326018,50
104,7Networks_LH_SalVentAttn_FrOperIns_8,7networks_lh_salventattn_froperins,7Networks_LH_SalVentAttn_FrOperIns,salience / ventral attention,frontal operculum insula,L,264.0,53.19150060024011,15329.0,-7.186067873193117e-06,Q41,38.245000000000005,38.218,0.3279372762326018,50
105,7Networks_LH_SalVentAttn_FrOperIns_9,7networks_lh_salventattn_froperins,7Networks_LH_SalVentAttn_FrOperIns,salience / ventral attention,frontal operculum insula,L,259.0,48.97003601440582,21268.0,-7.186067873193117e-06,Q41,38.245000000000005,38.218,0.3279372762326018,50
106,7Networks_LH_SalVentAttn_PFCl_1,7networks_lh_salventattn_pfcl,7Networks_LH_SalVentAttn_PFCl,salience / ventral attention,lateral prefrontal cortex,L,262.0,51.90967587034812,38897.0,-7.186067873193117e-06,Q41,38.245000000000005,38.218,0.3279372762326018,50
107,7Networks_LH_SalVentAttn_Med_1,7networks_lh_salventattn_med,7Networks_LH_SalVentAttn_Med,salience / ventral attention,medial,L,271.0,52.89003601440579,195106.0,-7.186067873193117e-06,Q41,38.245000000000005,38.218,0.3279372762326018,50
108,7Networks_LH_SalVentAttn_Med_2,7networks_lh_salventattn_med,7Networks_LH_SalVentAttn_Med,salience / ventral attention,medial,L,294.0,63.37099639855941,15107.5,-7.186067873193117e-06,Q41,38.245000000000005,38.218,0.3279372762326018,50
109,7Networks_LH_SalVentAttn_Med_3,7networks_lh_salventattn_med,7Networks_LH_SalVentAttn_Med,salience / ventral attention,medial,L,277.0,60.29286914765905,68022.0,-7.186067873193117e-06,Q41,38.245000000000005,38.218,0.3279372762326018,50
110,7Networks_LH_SalVentAttn_Med_4,7networks_lh_salventattn_med,7Networks_LH_SalVentAttn_Med,salience / ventral attention,medial,L,270.0,58.56638655462187,13048.0,-7.186067873193117e-06,Q41,38.245000000000005,38.218,0.3279372762326018,50
111,7Networks_LH_SalVentAttn_Med_5,7networks_lh_salventattn_med,7Networks_LH_SalVentAttn_Med,salience / ventral attention,medial,L,230.0,36.762496998799534,49997.0,-7.186067873193117e-06,Q41,38.245000000000005,38.218,0.3279372762326018,50
112,7Networks_LH_SalVentAttn_Med_6,7networks_lh_salventattn_med,7Networks_LH_SalVentAttn_Med,salience / ventral attention,medial,L,232.0,33.879615846338496,114507.0,-7.186067873193117e-06,Q41,38.245000000000005,38.218,0.3279372762326018,50
113,7Networks_LH_SalVentAttn_Med_7,7networks_lh_salventattn_med,7Networks_LH_SalVentAttn_Med,salience / ventral attention,medial,L,249.0,46.42050420168066,72207.0,-7.186067873193117e-06,Q41,38.245000000000005,38.218,0.3279372762326018,50
114,7Networks_LH_Limbic_OFC_1,7networks_lh_limbic_ofc,7Networks_LH_Limbic_OFC,limbic,orbital frontal cortex,L,203.0,26.553229291716686,116518.0,-7.186067873193117e-06,Q41,38.245000000000005,38.218,0.3279372762326018,50
115,7Networks_LH_Limbic_OFC_2,7networks_lh_limbic_ofc,7Networks_LH_Limbic_OFC,limbic,orbital frontal cortex,L,262.0,48.77286914765908,135964.0,-7.186067873193117e-06,Q41,38.245000000000005,38.218,0.3279372762326018,50
116,7Networks_LH_Limbic_OFC_3,7networks_lh_limbic_ofc,7Networks_LH_Limbic_OFC,limbic,orbital frontal cortex,L,268.0,54.82271308523411,31467.0,-7.186067873193117e-06,Q41,38.245000000000005,38.218,0.3279372762326018,50
117,7Networks_LH_Limbic_OFC_4,7networks_lh_limbic_ofc,7Networks_LH_Limbic_OFC,limbic,orbital frontal cortex,L,290.0,63.99803121248493,44788.0,-7.186067873193117e-06,Q41,38.245000000000005,38.218,0.3279372762326018,50
118,7Networks_LH_Limbic_OFC_5,7networks_lh_limbic_ofc,7Networks_LH_Limbic_OFC,limbic,orbital frontal cortex,L,285.0,54.942857142857086,145313.0,-7.186067873193117e-06,Q41,38.245000000000005,38.218,0.3279372762326018,50
119,7Networks_LH_Limbic_TempPole_1,7networks_lh_limbic_temppole,7Networks_LH_Limbic_TempPole,limbic,temporal pole,L,246.0,42.031644657863154,146944.0,-7.186067873193117e-06,Q41,38.245000000000005,38.218,0.3279372762326018,50
120,7Networks_LH_Limbic_TempPole_2,7networks_lh_limbic_temppole,7Networks_LH_Limbic_TempPole,limbic,temporal pole,L,256.0,48.87822328931571,17310.5,-7.186067873193117e-06,Q41,38.245000000000005,38.218,0.3279372762326018,50
121,7Networks_LH_Limbic_TempPole_3,7networks_lh_limbic_temppole,7Networks_LH_Limbic_TempPole,limbic,temporal pole,L,261.0,49.409123649459765,160102.0,-7.186067873193117e-06,Q41,38.245000000000005,38.218,0.3279372762326018,50
122,7Networks_LH_Limbic_TempPole_4,7networks_lh_limbic_temppole,7Networks_LH_Limbic_TempPole,limbic,temporal pole,L,183.0,26.25003601440577,113219.0,-7.186067873193117e-06,Q41,38.245000000000005,38.218,0.3279372762326018,50
123,7Networks_LH_Limbic_TempPole_5,7networks_lh_limbic_temppole,7Networks_LH_Limbic_TempPole,limbic,temporal pole,L,129.0,-4.815318127250899,149911.0,-7.186067873193117e-06,Q41,38.245000000000005,38.218,0.3279372762326018,50
124,7Networks_LH_Limbic_TempPole_6,7networks_lh_limbic_temppole,7Networks_LH_Limbic_TempPole,limbic,temporal pole,L,245.0,47.40028811524614,46299.0,-7.186067873193117e-06,Q41,38.245000000000005,38.218,0.3279372762326018,50
125,7Networks_LH_Limbic_TempPole_7,7networks_lh_limbic_temppole,7Networks_LH_Limbic_TempPole,limbic,temporal pole,L,226.0,38.01762304921968,70036.0,-7.186067873193117e-06,Q41,38.245000000000005,38.218,0.3279372762326018,50
126,7Networks_LH_Limbic_TempPole_8,7networks_lh_limbic_temppole,7Networks_LH_Limbic_TempPole,limbic,temporal pole,L,212.0,37.94453781512602,45580.0,-7.186067873193117e-06,Q41,38.245000000000005,38.218,0.3279372762326018,50
127,7Networks_LH_Cont_Par_1,7networks_lh_cont_par,7Networks_LH_Cont_Par,control,parietal ,L,106.0,-9.186986794717889,169476.0,-7.186067873193117e-06,Q41,38.245000000000005,38.218,0.3279372762326018,50
128,7Networks_LH_Cont_Par_2,7networks_lh_cont_par,7Networks_LH_Cont_Par,control,parietal ,L,212.0,33.98247298919567,73182.0,-7.186067873193117e-06,Q41,38.245000000000005,38.218,0.3279372762326018,50
129,7Networks_LH_Cont_Par_3,7networks_lh_cont_par,7Networks_LH_Cont_Par,control,parietal ,L,224.0,34.67558223289319,101242.0,-7.186067873193117e-06,Q41,38.245000000000005,38.218,0.3279372762326018,50
130,7Networks_LH_Cont_Par_4,7networks_lh_cont_par,7Networks_LH_Cont_Par,control,parietal ,L,227.0,35.08134453781513,78891.0,-7.186067873193117e-06,Q41,38.245000000000005,38.218,0.3279372762326018,50
131,7Networks_LH_Cont_Par_5,7networks_lh_cont_par,7Networks_LH_Cont_Par,control,parietal ,L,220.0,31.97123649459787,119465.0,-7.186067873193117e-06,Q41,38.245000000000005,38.218,0.3279372762326018,50
132,7Networks_LH_Cont_Par_6,7networks_lh_cont_par,7Networks_LH_Cont_Par,control,parietal ,L,215.0,30.129123649459785,156192.0,-7.186067873193117e-06,Q41,38.245000000000005,38.218,0.3279372762326018,50
133,7Networks_LH_Cont_Temp_1,7networks_lh_cont_temp,7Networks_LH_Cont_Temp,control,temporal,L,191.0,22.44364945978389,88282.0,-7.186067873193117e-06,Q41,38.245000000000005,38.218,0.3279372762326018,50
134,7Networks_LH_Cont_OFC_1,7networks_lh_cont_ofc,7Networks_LH_Cont_OFC,control,orbital frontal cortex,L,275.0,49.77983193277312,106931.0,-7.186067873193117e-06,Q41,38.245000000000005,38.218,0.3279372762326018,50
135,7Networks_LH_Cont_PFCl_1,7networks_lh_cont_pfcl,7Networks_LH_Cont_PFCl,control,lateral prefrontal cortex,L,194.0,25.87116446578631,126893.0,-7.186067873193117e-06,Q41,38.245000000000005,38.218,0.3279372762326018,50
136,7Networks_LH_Cont_PFCl_2,7networks_lh_cont_pfcl,7Networks_LH_Cont_PFCl,control,lateral prefrontal cortex,L,224.0,42.667803121248504,31288.0,-7.186067873193117e-06,Q41,38.245000000000005,38.218,0.3279372762326018,50
137,7Networks_LH_Cont_PFCl_3,7networks_lh_cont_pfcl,7Networks_LH_Cont_PFCl,control,lateral prefrontal cortex,L,284.0,56.971860744297665,35622.0,-7.186067873193117e-06,Q41,38.245000000000005,38.218,0.3279372762326018,50
138,7Networks_LH_Cont_PFCl_4,7networks_lh_cont_pfcl,7Networks_LH_Cont_PFCl,control,lateral prefrontal cortex,L,228.0,36.029435774309725,102385.0,-7.186067873193117e-06,Q41,38.245000000000005,38.218,0.3279372762326018,50
139,7Networks_LH_Cont_PFCl_5,7networks_lh_cont_pfcl,7Networks_LH_Cont_PFCl,control,lateral prefrontal cortex,L,320.0,74.04499399759904,5829.0,-7.186067873193117e-06,Q41,38.245000000000005,38.218,0.3279372762326018,50
140,7Networks_LH_Cont_PFCl_6,7networks_lh_cont_pfcl,7Networks_LH_Cont_PFCl,control,lateral prefrontal cortex,L,295.0,62.62074429771912,15805.0,-7.186067873193117e-06,Q41,38.245000000000005,38.218,0.3279372762326018,50
141,7Networks_LH_Cont_PFCl_7,7networks_lh_cont_pfcl,7Networks_LH_Cont_PFCl,control,lateral prefrontal cortex,L,320.0,80.17330132052822,0.0,-7.186067873193117e-06,Q41,38.245000000000005,38.218,0.3279372762326018,50
142,7Networks_LH_Cont_PFCl_8,7networks_lh_cont_pfcl,7Networks_LH_Cont_PFCl,control,lateral prefrontal cortex,L,284.0,61.77282112845138,20933.0,-7.186067873193117e-06,Q41,38.245000000000005,38.218,0.3279372762326018,50
143,7Networks_LH_Cont_PFCv_1,7networks_lh_cont_pfcv,7Networks_LH_Cont_PFCv,control,ventral prefrontal cortex,L,215.0,33.39769507803122,158251.0,-7.186067873193117e-06,Q41,38.245000000000005,38.218,0.3279372762326018,50
144,7Networks_LH_Cont_pCun_1,7networks_lh_cont_pcun,7Networks_LH_Cont_pCun,control,precuneus,L,239.0,39.53531812725093,31629.0,-7.186067873193117e-06,Q41,38.245000000000005,38.218,0.3279372762326018,50
145,7Networks_LH_Cont_pCun_2,7networks_lh_cont_pcun,7Networks_LH_Cont_pCun,control,precuneus,L,287.0,57.40067226890754,167763.0,-7.186067873193117e-06,Q41,38.245000000000005,38.218,0.3279372762326018,50
146,7Networks_LH_Cont_Cing_1,7networks_lh_cont_cing,7Networks_LH_Cont_Cing,control,cingulate,L,184.0,22.157839135654267,115190.0,-7.186067873193117e-06,Q41,38.245000000000005,38.218,0.3279372762326018,50
147,7Networks_LH_Cont_Cing_2,7networks_lh_cont_cing,7Networks_LH_Cont_Cing,control,cingulate,L,107.0,-9.730084033613444,168215.0,-7.186067873193117e-06,Q41,38.245000000000005,38.218,0.3279372762326018,50
148,7Networks_LH_Cont_PFCmp_1,7networks_lh_cont_pfcmp,7Networks_LH_Cont_PFCmp,control,medial posterior prefrontal cortex,L,311.0,71.50064825930382,687.0,-7.186067873193117e-06,Q41,38.245000000000005,38.218,0.3279372762326018,50
149,7Networks_LH_Default_Temp_1,7networks_lh_default_temp,7Networks_LH_Default_Temp,default,temporal,L,238.0,43.51294117647061,34277.0,-7.186067873193117e-06,Q41,38.245000000000005,38.218,0.3279372762326018,50
150,7Networks_LH_Default_Temp_2,7networks_lh_default_temp,7Networks_LH_Default_Temp,default,temporal,L,238.0,43.58573829531814,128318.0,-7.186067873193117e-06,Q41,38.245000000000005,38.218,0.3279372762326018,50
151,7Networks_LH_Default_Temp_3,7networks_lh_default_temp,7Networks_LH_Default_Temp,default,temporal,L,215.0,30.951212484993956,120936.0,-7.186067873193117e-06,Q41,38.245000000000005,38.218,0.3279372762326018,50
152,7Networks_LH_Default_Temp_4,7networks_lh_default_temp,7Networks_LH_Default_Temp,default,temporal,L,262.0,47.975846338535355,190020.0,-7.186067873193117e-06,Q41,38.245000000000005,38.218,0.3279372762326018,50
153,7Networks_LH_Default_Temp_5,7networks_lh_default_temp,7Networks_LH_Default_Temp,default,temporal,L,207.0,28.029051620648293,105410.0,-7.186067873193117e-06,Q41,38.245000000000005,38.218,0.3279372762326018,50
154,7Networks_LH_Default_Temp_6,7networks_lh_default_temp,7Networks_LH_Default_Temp,default,temporal,L,249.0,40.338871548619466,195147.0,-7.186067873193117e-06,Q41,38.245000000000005,38.218,0.3279372762326018,50
155,7Networks_LH_Default_Temp_7,7networks_lh_default_temp,7Networks_LH_Default_Temp,default,temporal,L,231.0,35.75322929171669,67239.0,-7.186067873193117e-06,Q41,38.245000000000005,38.218,0.3279372762326018,50
156,7Networks_LH_Default_Temp_8,7networks_lh_default_temp,7Networks_LH_Default_Temp,default,temporal,L,184.0,15.169315726290508,162433.0,-7.186067873193117e-06,Q41,38.245000000000005,38.218,0.3279372762326018,50
157,7Networks_LH_Default_Temp_9,7networks_lh_default_temp,7Networks_LH_Default_Temp,default,temporal,L,185.0,19.85579831932773,180018.0,-7.186067873193117e-06,Q41,38.245000000000005,38.218,0.3279372762326018,50
158,7Networks_LH_Default_Temp_10,7networks_lh_default_temp,7Networks_LH_Default_Temp,default,temporal,L,185.0,25.953949579831907,90933.0,-7.186067873193117e-06,Q41,38.245000000000005,38.218,0.3279372762326018,50
159,7Networks_LH_Default_Par_1,7networks_lh_default_par,7Networks_LH_Default_Par,default,parietal,L,158.0,14.700168067226894,100249.0,-7.186067873193117e-06,Q41,38.245000000000005,38.218,0.3279372762326018,50
160,7Networks_LH_Default_Par_2,7networks_lh_default_par,7Networks_LH_Default_Par,default,parietal,L,171.0,21.655078031212476,139215.0,-7.186067873193117e-06,Q41,38.245000000000005,38.218,0.3279372762326018,50
161,7Networks_LH_Default_Par_3,7networks_lh_default_par,7Networks_LH_Default_Par,default,parietal,L,268.0,48.73925570228091,93124.0,-7.186067873193117e-06,Q41,38.245000000000005,38.218,0.3279372762326018,50
162,7Networks_LH_Default_Par_4,7networks_lh_default_par,7Networks_LH_Default_Par,default,parietal,L,139.0,5.87788715486195,154585.0,-7.186067873193117e-06,Q41,38.245000000000005,38.218,0.3279372762326018,50
163,7Networks_LH_Default_Par_5,7networks_lh_default_par,7Networks_LH_Default_Par,default,parietal,L,200.0,33.83322929171667,72702.0,-7.186067873193117e-06,Q41,38.245000000000005,38.218,0.3279372762326018,50
164,7Networks_LH_Default_Par_6,7networks_lh_default_par,7Networks_LH_Default_Par,default,parietal,L,136.0,4.601056422569031,193230.0,-7.186067873193117e-06,Q41,38.245000000000005,38.218,0.3279372762326018,50
165,7Networks_LH_Default_Par_7,7networks_lh_default_par,7Networks_LH_Default_Par,default,parietal,L,161.0,16.452965186074422,183848.0,-7.186067873193117e-06,Q41,38.245000000000005,38.218,0.3279372762326018,50
166,7Networks_LH_Default_PFC_1,7networks_lh_default_pfc,7Networks_LH_Default_PFC,default,prefrontal cortex,L,194.0,28.692869147659056,144208.0,-7.186067873193117e-06,Q41,38.245000000000005,38.218,0.3279372762326018,50
167,7Networks_LH_Default_PFC_2,7networks_lh_default_pfc,7Networks_LH_Default_PFC,default,prefrontal cortex,L,276.0,53.457911164465756,36350.0,-7.186067873193117e-06,Q41,38.245000000000005,38.218,0.3279372762326018,50
168,7Networks_LH_Default_PFC_3,7networks_lh_default_pfc,7Networks_LH_Default_PFC,default,prefrontal cortex,L,266.0,53.2491236494598,13498.0,-7.186067873193117e-06,Q41,38.245000000000005,38.218,0.3279372762326018,50
169,7Networks_LH_Default_PFC_4,7networks_lh_default_pfc,7Networks_LH_Default_PFC,default,prefrontal cortex,L,321.0,73.93080432172866,71.0,-7.186067873193117e-06,Q41,38.245000000000005,38.218,0.3279372762326018,50
170,7Networks_LH_Default_PFC_5,7networks_lh_default_pfc,7Networks_LH_Default_PFC,default,prefrontal cortex,L,172.0,16.229387755102053,181710.0,-7.186067873193117e-06,Q41,38.245000000000005,38.218,0.3279372762326018,50
171,7Networks_LH_Default_PFC_6,7networks_lh_default_pfc,7Networks_LH_Default_PFC,default,prefrontal cortex,L,270.0,48.61661464585837,96209.0,-7.186067873193117e-06,Q41,38.245000000000005,38.218,0.3279372762326018,50
172,7Networks_LH_Default_PFC_7,7networks_lh_default_pfc,7Networks_LH_Default_PFC,default,prefrontal cortex,L,254.0,47.51572629051616,35090.0,-7.186067873193117e-06,Q41,38.245000000000005,38.218,0.3279372762326018,50
173,7Networks_LH_Default_PFC_8,7networks_lh_default_pfc,7Networks_LH_Default_PFC,default,prefrontal cortex,L,312.0,71.67265306122455,4381.0,-7.186067873193117e-06,Q41,38.245000000000005,38.218,0.3279372762326018,50
174,7Networks_LH_Default_PFC_9,7networks_lh_default_pfc,7Networks_LH_Default_PFC,default,prefrontal cortex,L,277.0,57.7864585834334,14396.0,-7.186067873193117e-06,Q41,38.245000000000005,38.218,0.3279372762326018,50
175,7Networks_LH_Default_PFC_10,7networks_lh_default_pfc,7Networks_LH_Default_PFC,default,prefrontal cortex,L,260.0,48.92288115246093,100516.0,-7.186067873193117e-06,Q41,38.245000000000005,38.218,0.3279372762326018,50
176,7Networks_LH_Default_PFC_11,7networks_lh_default_pfc,7Networks_LH_Default_PFC,default,prefrontal cortex,L,306.0,62.9912605042017,10556.5,-7.186067873193117e-06,Q41,38.245000000000005,38.218,0.3279372762326018,50
177,7Networks_LH_Default_PFC_12,7networks_lh_default_pfc,7Networks_LH_Default_PFC,default,prefrontal cortex,L,305.0,64.31735894357736,43328.0,-7.186067873193117e-06,Q41,38.245000000000005,38.218,0.3279372762326018,50
178,7Networks_LH_Default_PFC_13,7networks_lh_default_pfc,7Networks_LH_Default_PFC,default,prefrontal cortex,L,309.0,74.98031212484997,0.0,-7.186067873193117e-06,Q41,38.245000000000005,38.218,0.3279372762326018,50
179,7Networks_LH_Default_PFC_14,7networks_lh_default_pfc,7Networks_LH_Default_PFC,default,prefrontal cortex,L,233.0,36.26012004801922,71691.0,-7.186067873193117e-06,Q41,38.245000000000005,38.218,0.3279372762326018,50
180,7Networks_LH_Default_PFC_15,7networks_lh_default_pfc,7Networks_LH_Default_PFC,default,prefrontal cortex,L,250.0,44.30074429771912,134134.0,-7.186067873193117e-06,Q41,38.245000000000005,38.218,0.3279372762326018,50
181,7Networks_LH_Default_PFC_16,7networks_lh_default_pfc,7Networks_LH_Default_PFC,default,prefrontal cortex,L,135.0,7.220216086434578,70877.0,-7.186067873193117e-06,Q41,38.245000000000005,38.218,0.3279372762326018,50
182,7Networks_LH_Default_PFC_17,7networks_lh_default_pfc,7Networks_LH_Default_PFC,default,prefrontal cortex,L,255.0,47.420072028811525,49551.0,-7.186067873193117e-06,Q41,38.245000000000005,38.218,0.3279372762326018,50
183,7Networks_LH_Default_PFC_18,7networks_lh_default_pfc,7Networks_LH_Default_PFC,default,prefrontal cortex,L,202.0,22.024921968787535,170228.0,-7.186067873193117e-06,Q41,38.245000000000005,38.218,0.3279372762326018,50
184,7Networks_LH_Default_PFC_19,7networks_lh_default_pfc,7Networks_LH_Default_PFC,default,prefrontal cortex,L,137.0,-7.277551020408169,191919.0,-7.186067873193117e-06,Q41,38.245000000000005,38.218,0.3279372762326018,50
185,7Networks_LH_Default_PFC_20,7networks_lh_default_pfc,7Networks_LH_Default_PFC,default,prefrontal cortex,L,214.0,34.080624249699866,137277.0,-7.186067873193117e-06,Q41,38.245000000000005,38.218,0.3279372762326018,50
186,7Networks_LH_Default_PFC_21,7networks_lh_default_pfc,7Networks_LH_Default_PFC,default,prefrontal cortex,L,173.0,16.053445378151242,139782.0,-7.186067873193117e-06,Q41,38.245000000000005,38.218,0.3279372762326018,50
187,7Networks_LH_Default_PFC_22,7networks_lh_default_pfc,7Networks_LH_Default_PFC,default,prefrontal cortex,L,92.0,-10.04441776710684,147153.0,-7.186067873193117e-06,Q41,38.245000000000005,38.218,0.3279372762326018,50
188,7Networks_LH_Default_PFC_23,7networks_lh_default_pfc,7Networks_LH_Default_PFC,default,prefrontal cortex,L,163.0,7.699447779111646,189788.0,-7.186067873193117e-06,Q41,38.245000000000005,38.218,0.3279372762326018,50
189,7Networks_LH_Default_PFC_24,7networks_lh_default_pfc,7Networks_LH_Default_PFC,default,prefrontal cortex,L,210.0,28.094357743097245,149525.0,-7.186067873193117e-06,Q41,38.245000000000005,38.218,0.3279372762326018,50
190,7Networks_LH_Default_pCunPCC_1,7networks_lh_default_pcunpcc,7Networks_LH_Default_pCunPCC,default,precuneus posterior cingulate cortex,L,200.0,29.995246098439342,89414.0,-7.186067873193117e-06,Q41,38.245000000000005,38.218,0.3279372762326018,50
191,7Networks_LH_Default_pCunPCC_2,7networks_lh_default_pcunpcc,7Networks_LH_Default_pCunPCC,default,precuneus posterior cingulate cortex,L,214.0,38.476878751500536,57525.0,-7.186067873193117e-06,Q41,38.245000000000005,38.218,0.3279372762326018,50
192,7Networks_LH_Default_pCunPCC_3,7networks_lh_default_pcunpcc,7Networks_LH_Default_pCunPCC,default,precuneus posterior cingulate cortex,L,257.0,43.64989195678271,56384.0,-7.186067873193117e-06,Q41,38.245000000000005,38.218,0.3279372762326018,50
193,7Networks_LH_Default_pCunPCC_4,7networks_lh_default_pcunpcc,7Networks_LH_Default_pCunPCC,default,precuneus posterior cingulate cortex,L,106.0,-17.434381752701054,172084.0,-7.186067873193117e-06,Q41,38.245000000000005,38.218,0.3279372762326018,50
194,7Networks_LH_Default_pCunPCC_5,7networks_lh_default_pcunpcc,7Networks_LH_Default_pCunPCC,default,precuneus posterior cingulate cortex,L,189.0,26.113565426170453,102942.0,-7.186067873193117e-06,Q41,38.245000000000005,38.218,0.3279372762326018,50
195,7Networks_LH_Default_pCunPCC_6,7networks_lh_default_pcunpcc,7Networks_LH_Default_pCunPCC,default,precuneus posterior cingulate cortex,L,210.0,33.12456182472989,102508.0,-7.186067873193117e-06,Q41,38.245000000000005,38.218,0.3279372762326018,50
196,7Networks_LH_Default_pCunPCC_7,7networks_lh_default_pcunpcc,7Networks_LH_Default_pCunPCC,default,precuneus posterior cingulate cortex,L,205.0,22.481584633853558,183454.0,-7.186067873193117e-06,Q41,38.245000000000005,38.218,0.3279372762326018,50
197,7Networks_LH_Default_pCunPCC_8,7networks_lh_default_pcunpcc,7Networks_LH_Default_pCunPCC,default,precuneus posterior cingulate cortex,L,182.0,18.534021608643457,140661.0,-7.186067873193117e-06,Q41,38.245000000000005,38.218,0.3279372762326018,50
198,7Networks_LH_Default_pCunPCC_9,7networks_lh_default_pcunpcc,7Networks_LH_Default_pCunPCC,default,precuneus posterior cingulate cortex,L,250.0,48.16907563025211,65369.0,-7.186067873193117e-06,Q41,38.245000000000005,38.218,0.3279372762326018,50
199,7Networks_LH_Default_pCunPCC_10,7networks_lh_default_pcunpcc,7Networks_LH_Default_pCunPCC,default,precuneus posterior cingulate cortex,L,221.0,33.969123649459775,137995.0,-7.186067873193117e-06,Q41,38.245000000000005,38.218,0.3279372762326018,50
200,7Networks_LH_Default_pCunPCC_11,7networks_lh_default_pcunpcc,7Networks_LH_Default_pCunPCC,default,precuneus posterior cingulate cortex,L,222.0,38.465930372148875,98757.0,-7.186067873193117e-06,Q41,38.245000000000005,38.218,0.3279372762326018,50
201,7Networks_RH_Vis_1,7networks_rh_vis,7Networks_RH_Vis,visual,visual,R,260.0,53.10996398559428,72696.0,-7.186067873193117e-06,Q41,38.245000000000005,38.218,0.3279372762326018,50
202,7Networks_RH_Vis_2,7networks_rh_vis,7Networks_RH_Vis,visual,visual,R,215.0,34.629291716686666,93273.0,-7.186067873193117e-06,Q41,38.245000000000005,38.218,0.3279372762326018,50
203,7Networks_RH_Vis_3,7networks_rh_vis,7Networks_RH_Vis,visual,visual,R,271.0,48.91087635054018,66692.0,-7.186067873193117e-06,Q41,38.245000000000005,38.218,0.3279372762326018,50
204,7Networks_RH_Vis_4,7networks_rh_vis,7Networks_RH_Vis,visual,visual,R,203.0,28.17579831932772,128408.0,-7.186067873193117e-06,Q41,38.245000000000005,38.218,0.3279372762326018,50
205,7Networks_RH_Vis_5,7networks_rh_vis,7Networks_RH_Vis,visual,visual,R,254.0,49.48499399759906,61964.0,-7.186067873193117e-06,Q41,38.245000000000005,38.218,0.3279372762326018,50
206,7Networks_RH_Vis_6,7networks_rh_vis,7Networks_RH_Vis,visual,visual,R,282.0,61.00739495798317,191964.0,-7.186067873193117e-06,Q41,38.245000000000005,38.218,0.3279372762326018,50
207,7Networks_RH_Vis_7,7networks_rh_vis,7Networks_RH_Vis,visual,visual,R,278.0,54.83001200480194,149681.0,-7.186067873193117e-06,Q41,38.245000000000005,38.218,0.3279372762326018,50
208,7Networks_RH_Vis_8,7networks_rh_vis,7Networks_RH_Vis,visual,visual,R,182.0,19.60148859543817,108983.0,-7.186067873193117e-06,Q41,38.245000000000005,38.218,0.3279372762326018,50
209,7Networks_RH_Vis_9,7networks_rh_vis,7Networks_RH_Vis,visual,visual,R,241.0,38.85018007202884,153329.0,-7.186067873193117e-06,Q41,38.245000000000005,38.218,0.3279372762326018,50
210,7Networks_RH_Vis_10,7networks_rh_vis,7Networks_RH_Vis,visual,visual,R,279.0,52.21267707082839,57815.0,-7.186067873193117e-06,Q41,38.245000000000005,38.218,0.3279372762326018,50
211,7Networks_RH_Vis_11,7networks_rh_vis,7Networks_RH_Vis,visual,visual,R,257.0,45.996206482593024,196806.0,-7.186067873193117e-06,Q41,38.245000000000005,38.218,0.3279372762326018,50
212,7Networks_RH_Vis_12,7networks_rh_vis,7Networks_RH_Vis,visual,visual,R,264.0,46.93834333733498,110577.0,-7.186067873193117e-06,Q41,38.245000000000005,38.218,0.3279372762326018,50
213,7Networks_RH_Vis_13,7networks_rh_vis,7Networks_RH_Vis,visual,visual,R,284.0,58.2751020408163,23818.0,-7.186067873193117e-06,Q41,38.245000000000005,38.218,0.3279372762326018,50
214,7Networks_RH_Vis_14,7networks_rh_vis,7Networks_RH_Vis,visual,visual,R,254.0,48.93805522208882,102723.0,-7.186067873193117e-06,Q41,38.245000000000005,38.218,0.3279372762326018,50
215,7Networks_RH_Vis_15,7networks_rh_vis,7Networks_RH_Vis,visual,visual,R,264.0,56.13488595438176,32265.0,-7.186067873193117e-06,Q41,38.245000000000005,38.218,0.3279372762326018,50
216,7Networks_RH_Vis_16,7networks_rh_vis,7Networks_RH_Vis,visual,visual,R,232.0,41.22895558223292,38512.0,-7.186067873193117e-06,Q41,38.245000000000005,38.218,0.3279372762326018,50
217,7Networks_RH_Vis_17,7networks_rh_vis,7Networks_RH_Vis,visual,visual,R,266.0,50.5475630252101,85352.0,-7.186067873193117e-06,Q41,38.245000000000005,38.218,0.3279372762326018,50
218,7Networks_RH_Vis_18,7networks_rh_vis,7Networks_RH_Vis,visual,visual,R,258.0,45.19265306122454,53675.0,-7.186067873193117e-06,Q41,38.245000000000005,38.218,0.3279372762326018,50
219,7Networks_RH_Vis_19,7networks_rh_vis,7Networks_RH_Vis,visual,visual,R,257.0,58.91039615846343,47630.0,-7.186067873193117e-06,Q41,38.245000000000005,38.218,0.3279372762326018,50
220,7Networks_RH_Vis_20,7networks_rh_vis,7Networks_RH_Vis,visual,visual,R,239.0,42.709483793517414,98119.0,-7.186067873193117e-06,Q41,38.245000000000005,38.218,0.3279372762326018,50
221,7Networks_RH_Vis_21,7networks_rh_vis,7Networks_RH_Vis,visual,visual,R,258.0,53.244705882352925,146773.0,-7.186067873193117e-06,Q41,38.245000000000005,38.218,0.3279372762326018,50
222,7Networks_RH_Vis_22,7networks_rh_vis,7Networks_RH_Vis,visual,visual,R,227.0,39.19563025210081,120453.0,-7.186067873193117e-06,Q41,38.245000000000005,38.218,0.3279372762326018,50
223,7Networks_RH_Vis_23,7networks_rh_vis,7Networks_RH_Vis,visual,visual,R,227.0,43.78492196878749,111632.0,-7.186067873193117e-06,Q41,38.245000000000005,38.218,0.3279372762326018,50
224,7Networks_RH_Vis_24,7networks_rh_vis,7Networks_RH_Vis,visual,visual,R,258.0,46.14468187274909,123182.0,-7.186067873193117e-06,Q41,38.245000000000005,38.218,0.3279372762326018,50
225,7Networks_RH_Vis_25,7networks_rh_vis,7Networks_RH_Vis,visual,visual,R,181.0,22.854789915966407,157639.0,-7.186067873193117e-06,Q41,38.245000000000005,38.218,0.3279372762326018,50
226,7Networks_RH_Vis_26,7networks_rh_vis,7Networks_RH_Vis,visual,visual,R,164.0,22.503193277310935,100798.0,-7.186067873193117e-06,Q41,38.245000000000005,38.218,0.3279372762326018,50
227,7Networks_RH_Vis_27,7networks_rh_vis,7Networks_RH_Vis,visual,visual,R,222.0,33.865690276110406,71681.0,-7.186067873193117e-06,Q41,38.245000000000005,38.218,0.3279372762326018,50
228,7Networks_RH_Vis_28,7networks_rh_vis,7Networks_RH_Vis,visual,visual,R,225.0,34.59116446578634,153139.0,-7.186067873193117e-06,Q41,38.245000000000005,38.218,0.3279372762326018,50
229,7Networks_RH_Vis_29,7networks_rh_vis,7Networks_RH_Vis,visual,visual,R,195.0,23.354477791116437,178213.0,-7.186067873193117e-06,Q41,38.245000000000005,38.218,0.3279372762326018,50
230,7Networks_RH_Vis_30,7networks_rh_vis,7Networks_RH_Vis,visual,visual,R,145.0,0.5563025210084019,184274.0,-7.186067873193117e-06,Q41,38.245000000000005,38.218,0.3279372762326018,50
231,7Networks_RH_SomMot_1,7networks_rh_sommot,7Networks_RH_SomMot,somatomotor,somatomotor,R,235.0,39.551644657863186,87704.0,-7.186067873193117e-06,Q41,38.245000000000005,38.218,0.3279372762326018,50
232,7Networks_RH_SomMot_2,7networks_rh_sommot,7Networks_RH_SomMot,somatomotor,somatomotor,R,229.0,40.82530612244897,62837.0,-7.186067873193117e-06,Q41,38.245000000000005,38.218,0.3279372762326018,50
233,7Networks_RH_SomMot_3,7networks_rh_sommot,7Networks_RH_SomMot,somatomotor,somatomotor,R,191.0,21.810564225690275,169456.0,-7.186067873193117e-06,Q41,38.245000000000005,38.218,0.3279372762326018,50
234,7Networks_RH_SomMot_4,7networks_rh_sommot,7Networks_RH_SomMot,somatomotor,somatomotor,R,241.0,43.56355342136858,74699.0,-7.186067873193117e-06,Q41,38.245000000000005,38.218,0.3279372762326018,50
235,7Networks_RH_SomMot_5,7networks_rh_sommot,7Networks_RH_SomMot,somatomotor,somatomotor,R,203.0,29.104681872749083,65191.0,-7.186067873193117e-06,Q41,38.245000000000005,38.218,0.3279372762326018,50
236,7Networks_RH_SomMot_6,7networks_rh_sommot,7Networks_RH_SomMot,somatomotor,somatomotor,R,266.0,57.00921968787518,41434.0,-7.186067873193117e-06,Q41,38.245000000000005,38.218,0.3279372762326018,50
237,7Networks_RH_SomMot_7,7networks_rh_sommot,7Networks_RH_SomMot,somatomotor,somatomotor,R,249.0,44.13344537815128,174001.0,-7.186067873193117e-06,Q41,38.245000000000005,38.218,0.3279372762326018,50
238,7Networks_RH_SomMot_8,7networks_rh_sommot,7Networks_RH_SomMot,somatomotor,somatomotor,R,204.0,29.264873949579847,100124.0,-7.186067873193117e-06,Q41,38.245000000000005,38.218,0.3279372762326018,50
239,7Networks_RH_SomMot_9,7networks_rh_sommot,7Networks_RH_SomMot,somatomotor,somatomotor,R,228.0,36.05613445378153,56469.0,-7.186067873193117e-06,Q41,38.245000000000005,38.218,0.3279372762326018,50
240,7Networks_RH_SomMot_10,7networks_rh_sommot,7Networks_RH_SomMot,somatomotor,somatomotor,R,237.0,44.67884753901561,159970.0,-7.186067873193117e-06,Q41,38.245000000000005,38.218,0.3279372762326018,50
241,7Networks_RH_SomMot_11,7networks_rh_sommot,7Networks_RH_SomMot,somatomotor,somatomotor,R,233.0,41.07961584633852,40584.0,-7.186067873193117e-06,Q41,38.245000000000005,38.218,0.3279372762326018,50
242,7Networks_RH_SomMot_12,7networks_rh_sommot,7Networks_RH_SomMot,somatomotor,somatomotor,R,251.0,42.04806722689077,84049.0,-7.186067873193117e-06,Q41,38.245000000000005,38.218,0.3279372762326018,50
243,7Networks_RH_SomMot_13,7networks_rh_sommot,7Networks_RH_SomMot,somatomotor,somatomotor,R,252.0,44.6762545018007,82563.0,-7.186067873193117e-06,Q41,38.245000000000005,38.218,0.3279372762326018,50
244,7Networks_RH_SomMot_14,7networks_rh_sommot,7Networks_RH_SomMot,somatomotor,somatomotor,R,256.0,46.39274909963987,102679.0,-7.186067873193117e-06,Q41,38.245000000000005,38.218,0.3279372762326018,50
245,7Networks_RH_SomMot_15,7networks_rh_sommot,7Networks_RH_SomMot,somatomotor,somatomotor,R,180.0,21.45320528211284,102953.0,-7.186067873193117e-06,Q41,38.245000000000005,38.218,0.3279372762326018,50
246,7Networks_RH_SomMot_16,7networks_rh_sommot,7Networks_RH_SomMot,somatomotor,somatomotor,R,265.0,48.80475390156061,38656.0,-7.186067873193117e-06,Q41,38.245000000000005,38.218,0.3279372762326018,50
247,7Networks_RH_SomMot_17,7networks_rh_sommot,7Networks_RH_SomMot,somatomotor,somatomotor,R,252.0,44.566482593037215,70786.0,-7.186067873193117e-06,Q41,38.245000000000005,38.218,0.3279372762326018,50
248,7Networks_RH_SomMot_18,7networks_rh_sommot,7Networks_RH_SomMot,somatomotor,somatomotor,R,278.0,59.04196878751498,28694.5,-7.186067873193117e-06,Q41,38.245000000000005,38.218,0.3279372762326018,50
249,7Networks_RH_SomMot_19,7networks_rh_sommot,7Networks_RH_SomMot,somatomotor,somatomotor,R,281.0,55.686386554621876,55898.0,-7.186067873193117e-06,Q41,38.245000000000005,38.218,0.3279372762326018,50
250,7Networks_RH_SomMot_20,7networks_rh_sommot,7Networks_RH_SomMot,somatomotor,somatomotor,R,265.0,52.556686674669905,22082.0,-7.186067873193117e-06,Q41,38.245000000000005,38.218,0.3279372762326018,50
251,7Networks_RH_SomMot_21,7networks_rh_sommot,7Networks_RH_SomMot,somatomotor,somatomotor,R,247.0,43.08019207683076,61397.0,-7.186067873193117e-06,Q41,38.245000000000005,38.218,0.3279372762326018,50
252,7Networks_RH_SomMot_22,7networks_rh_sommot,7Networks_RH_SomMot,somatomotor,somatomotor,R,269.0,51.616470588235295,48249.0,-7.186067873193117e-06,Q41,38.245000000000005,38.218,0.3279372762326018,50
253,7Networks_RH_SomMot_23,7networks_rh_sommot,7Networks_RH_SomMot,somatomotor,somatomotor,R,274.0,52.11884753901559,82538.0,-7.186067873193117e-06,Q41,38.245000000000005,38.218,0.3279372762326018,50
254,7Networks_RH_SomMot_24,7networks_rh_sommot,7Networks_RH_SomMot,somatomotor,somatomotor,R,273.0,57.963745498199295,62553.0,-7.186067873193117e-06,Q41,38.245000000000005,38.218,0.3279372762326018,50
255,7Networks_RH_SomMot_25,7networks_rh_sommot,7Networks_RH_SomMot,somatomotor,somatomotor,R,200.0,29.418439375750292,100344.0,-7.186067873193117e-06,Q41,38.245000000000005,38.218,0.3279372762326018,50
256,7Networks_RH_SomMot_26,7networks_rh_sommot,7Networks_RH_SomMot,somatomotor,somatomotor,R,89.0,-19.76773109243698,160408.0,-7.186067873193117e-06,Q41,38.245000000000005,38.218,0.3279372762326018,50
257,7Networks_RH_SomMot_27,7networks_rh_sommot,7Networks_RH_SomMot,somatomotor,somatomotor,R,250.0,47.36830732292918,65746.0,-7.186067873193117e-06,Q41,38.245000000000005,38.218,0.3279372762326018,50
258,7Networks_RH_SomMot_28,7networks_rh_sommot,7Networks_RH_SomMot,somatomotor,somatomotor,R,265.0,50.8230012004802,83332.0,-7.186067873193117e-06,Q41,38.245000000000005,38.218,0.3279372762326018,50
259,7Networks_RH_SomMot_29,7networks_rh_sommot,7Networks_RH_SomMot,somatomotor,somatomotor,R,280.0,55.28475390156061,46871.0,-7.186067873193117e-06,Q41,38.245000000000005,38.218,0.3279372762326018,50
260,7Networks_RH_SomMot_30,7networks_rh_sommot,7Networks_RH_SomMot,somatomotor,somatomotor,R,208.0,33.536086434573846,92905.0,-7.186067873193117e-06,Q41,38.245000000000005,38.218,0.3279372762326018,50
261,7Networks_RH_SomMot_31,7networks_rh_sommot,7Networks_RH_SomMot,somatomotor,somatomotor,R,119.0,-14.149291716686678,186893.0,-7.186067873193117e-06,Q41,38.245000000000005,38.218,0.3279372762326018,50
262,7Networks_RH_SomMot_32,7networks_rh_sommot,7Networks_RH_SomMot,somatomotor,somatomotor,R,193.0,25.749675870348124,103732.0,-7.186067873193117e-06,Q41,38.245000000000005,38.218,0.3279372762326018,50
263,7Networks_RH_SomMot_33,7networks_rh_sommot,7Networks_RH_SomMot,somatomotor,somatomotor,R,194.0,24.9222088835534,159800.0,-7.186067873193117e-06,Q41,38.245000000000005,38.218,0.3279372762326018,50
264,7Networks_RH_SomMot_34,7networks_rh_sommot,7Networks_RH_SomMot,somatomotor,somatomotor,R,256.0,40.462088835534196,137721.0,-7.186067873193117e-06,Q41,38.245000000000005,38.218,0.3279372762326018,50
265,7Networks_RH_SomMot_35,7networks_rh_sommot,7Networks_RH_SomMot,somatomotor,somatomotor,R,187.0,20.565138055222086,138973.0,-7.186067873193117e-06,Q41,38.245000000000005,38.218,0.3279372762326018,50
266,7Networks_RH_SomMot_36,7networks_rh_sommot,7Networks_RH_SomMot,somatomotor,somatomotor,R,112.0,-12.013685474189687,144504.0,-7.186067873193117e-06,Q41,38.245000000000005,38.218,0.3279372762326018,50
267,7Networks_RH_SomMot_37,7networks_rh_sommot,7Networks_RH_SomMot,somatomotor,somatomotor,R,273.0,50.88168067226895,81680.0,-7.186067873193117e-06,Q41,38.245000000000005,38.218,0.3279372762326018,50
268,7Networks_RH_SomMot_38,7networks_rh_sommot,7Networks_RH_SomMot,somatomotor,somatomotor,R,209.0,34.06285714285716,97284.0,-7.186067873193117e-06,Q41,38.245000000000005,38.218,0.3279372762326018,50
269,7Networks_RH_SomMot_39,7networks_rh_sommot,7Networks_RH_SomMot,somatomotor,somatomotor,R,169.0,17.172677070828353,124427.0,-7.186067873193117e-06,Q41,38.245000000000005,38.218,0.3279372762326018,50
270,7Networks_RH_SomMot_40,7networks_rh_sommot,7Networks_RH_SomMot,somatomotor,somatomotor,R,187.0,21.29627851140456,126393.0,-7.186067873193117e-06,Q41,38.245000000000005,38.218,0.3279372762326018,50
271,7Networks_RH_DorsAttn_Post_1,7networks_rh_dorsattn_post,7Networks_RH_DorsAttn_Post,dorsal attention,posterior,R,131.0,0.19807923169267866,175992.0,-7.186067873193117e-06,Q41,38.245000000000005,38.218,0.3279372762326018,50
272,7Networks_RH_DorsAttn_Post_2,7networks_rh_dorsattn_post,7Networks_RH_DorsAttn_Post,dorsal attention,posterior,R,279.0,57.37551020408162,136490.0,-7.186067873193117e-06,Q41,38.245000000000005,38.218,0.3279372762326018,50
273,7Networks_RH_DorsAttn_Post_3,7networks_rh_dorsattn_post,7Networks_RH_DorsAttn_Post,dorsal attention,posterior,R,280.0,64.97944777911165,4365.0,-7.186067873193117e-06,Q41,38.245000000000005,38.218,0.3279372762326018,50
274,7Networks_RH_DorsAttn_Post_4,7networks_rh_dorsattn_post,7Networks_RH_DorsAttn_Post,dorsal attention,posterior,R,203.0,29.832460984393748,100444.0,-7.186067873193117e-06,Q41,38.245000000000005,38.218,0.3279372762326018,50
275,7Networks_RH_DorsAttn_Post_5,7networks_rh_dorsattn_post,7Networks_RH_DorsAttn_Post,dorsal attention,posterior,R,170.0,12.898775510204086,185532.0,-7.186067873193117e-06,Q41,38.245000000000005,38.218,0.3279372762326018,50
276,7Networks_RH_DorsAttn_Post_6,7networks_rh_dorsattn_post,7Networks_RH_DorsAttn_Post,dorsal attention,posterior,R,258.0,53.16028811524609,37362.0,-7.186067873193117e-06,Q41,38.245000000000005,38.218,0.3279372762326018,50
277,7Networks_RH_DorsAttn_Post_7,7networks_rh_dorsattn_post,7Networks_RH_DorsAttn_Post,dorsal attention,posterior,R,157.0,14.775078031212523,138070.0,-7.186067873193117e-06,Q41,38.245000000000005,38.218,0.3279372762326018,50
278,7Networks_RH_DorsAttn_Post_8,7networks_rh_dorsattn_post,7Networks_RH_DorsAttn_Post,dorsal attention,posterior,R,218.0,36.1910684273709,76157.0,-7.186067873193117e-06,Q41,38.245000000000005,38.218,0.3279372762326018,50
279,7Networks_RH_DorsAttn_Post_9,7networks_rh_dorsattn_post,7Networks_RH_DorsAttn_Post,dorsal attention,posterior,R,244.0,40.91442977190878,133130.0,-7.186067873193117e-06,Q41,38.245000000000005,38.218,0.3279372762326018,50
280,7Networks_RH_DorsAttn_Post_10,7networks_rh_dorsattn_post,7Networks_RH_DorsAttn_Post,dorsal attention,posterior,R,148.0,13.421800720288129,117600.0,-7.186067873193117e-06,Q41,38.245000000000005,38.218,0.3279372762326018,50
281,7Networks_RH_DorsAttn_Post_11,7networks_rh_dorsattn_post,7Networks_RH_DorsAttn_Post,dorsal attention,posterior,R,195.0,20.50991596638658,93907.0,-7.186067873193117e-06,Q41,38.245000000000005,38.218,0.3279372762326018,50
282,7Networks_RH_DorsAttn_Post_12,7networks_rh_dorsattn_post,7Networks_RH_DorsAttn_Post,dorsal attention,posterior,R,164.0,10.568403361344538,176020.0,-7.186067873193117e-06,Q41,38.245000000000005,38.218,0.3279372762326018,50
283,7Networks_RH_DorsAttn_Post_13,7networks_rh_dorsattn_post,7Networks_RH_DorsAttn_Post,dorsal attention,posterior,R,261.0,53.23539015606242,175013.0,-7.186067873193117e-06,Q41,38.245000000000005,38.218,0.3279372762326018,50
284,7Networks_RH_DorsAttn_Post_14,7networks_rh_dorsattn_post,7Networks_RH_DorsAttn_Post,dorsal attention,posterior,R,241.0,43.18228091236496,69785.0,-7.186067873193117e-06,Q41,38.245000000000005,38.218,0.3279372762326018,50
285,7Networks_RH_DorsAttn_Post_15,7networks_rh_dorsattn_post,7Networks_RH_DorsAttn_Post,dorsal attention,posterior,R,256.0,50.43087635054022,107428.0,-7.186067873193117e-06,Q41,38.245000000000005,38.218,0.3279372762326018,50
286,7Networks_RH_DorsAttn_Post_16,7networks_rh_dorsattn_post,7Networks_RH_DorsAttn_Post,dorsal attention,posterior,R,300.0,61.413829531812695,29990.0,-7.186067873193117e-06,Q41,38.245000000000005,38.218,0.3279372762326018,50
287,7Networks_RH_DorsAttn_Post_17,7networks_rh_dorsattn_post,7Networks_RH_DorsAttn_Post,dorsal attention,posterior,R,283.0,53.0775030012005,51120.0,-7.186067873193117e-06,Q41,38.245000000000005,38.218,0.3279372762326018,50
288,7Networks_RH_DorsAttn_Post_18,7networks_rh_dorsattn_post,7Networks_RH_DorsAttn_Post,dorsal attention,posterior,R,241.0,44.34674669867949,37760.0,-7.186067873193117e-06,Q41,38.245000000000005,38.218,0.3279372762326018,50
289,7Networks_RH_DorsAttn_Post_19,7networks_rh_dorsattn_post,7Networks_RH_DorsAttn_Post,dorsal attention,posterior,R,259.0,50.80600240096038,77140.0,-7.186067873193117e-06,Q41,38.245000000000005,38.218,0.3279372762326018,50
290,7Networks_RH_DorsAttn_FEF_1,7networks_rh_dorsattn_fef,7Networks_RH_DorsAttn_FEF,dorsal attention,frontal eye fields,R,230.0,38.91817527010807,49426.0,-7.186067873193117e-06,Q41,38.245000000000005,38.218,0.3279372762326018,50
291,7Networks_RH_DorsAttn_FEF_2,7networks_rh_dorsattn_fef,7Networks_RH_DorsAttn_FEF,dorsal attention,frontal eye fields,R,109.0,-5.4776950780312115,145219.0,-7.186067873193117e-06,Q41,38.245000000000005,38.218,0.3279372762326018,50
292,7Networks_RH_DorsAttn_FEF_3,7networks_rh_dorsattn_fef,7Networks_RH_DorsAttn_FEF,dorsal attention,frontal eye fields,R,62.0,-34.09214885954382,175465.0,-7.186067873193117e-06,Q41,38.245000000000005,38.218,0.3279372762326018,50
293,7Networks_RH_DorsAttn_PrCv_1,7networks_rh_dorsattn_prcv,7Networks_RH_DorsAttn_PrCv,dorsal attention,precentral ventral,R,257.0,41.520048019207714,159364.0,-7.186067873193117e-06,Q41,38.245000000000005,38.218,0.3279372762326018,50
294,7Networks_RH_SalVentAttn_TempOccPar_1,7networks_rh_salventattn_tempoccpar,7Networks_RH_SalVentAttn_TempOccPar,salience / ventral attention,temporal occipital parietal,R,251.0,46.38996398559428,49939.0,-7.186067873193117e-06,Q41,38.245000000000005,38.218,0.3279372762326018,50
295,7Networks_RH_SalVentAttn_TempOccPar_2,7networks_rh_salventattn_tempoccpar,7Networks_RH_SalVentAttn_TempOccPar,salience / ventral attention,temporal occipital parietal,R,209.0,34.188763505402136,99815.0,-7.186067873193117e-06,Q41,38.245000000000005,38.218,0.3279372762326018,50
296,7Networks_RH_SalVentAttn_TempOccPar_3,7networks_rh_salventattn_tempoccpar,7Networks_RH_SalVentAttn_TempOccPar,salience / ventral attention,temporal occipital parietal,R,158.0,8.674717887154866,123391.0,-7.186067873193117e-06,Q41,38.245000000000005,38.218,0.3279372762326018,50
297,7Networks_RH_SalVentAttn_TempOccPar_4,7networks_rh_salventattn_tempoccpar,7Networks_RH_SalVentAttn_TempOccPar,salience / ventral attention,temporal occipital parietal,R,181.0,21.475390156062424,139779.0,-7.186067873193117e-06,Q41,38.245000000000005,38.218,0.3279372762326018,50
298,7Networks_RH_SalVentAttn_TempOccPar_5,7networks_rh_salventattn_tempoccpar,7Networks_RH_SalVentAttn_TempOccPar,salience / ventral attention,temporal occipital parietal,R,313.0,72.87937575030016,18637.0,-7.186067873193117e-06,Q41,38.245000000000005,38.218,0.3279372762326018,50
299,7Networks_RH_SalVentAttn_TempOccPar_6,7networks_rh_salventattn_tempoccpar,7Networks_RH_SalVentAttn_TempOccPar,salience / ventral attention,temporal occipital parietal,R,243.0,44.55073229291717,93752.0,-7.186067873193117e-06,Q41,38.245000000000005,38.218,0.3279372762326018,50
300,7Networks_RH_SalVentAttn_TempOccPar_7,7networks_rh_salventattn_tempoccpar,7Networks_RH_SalVentAttn_TempOccPar,salience / ventral attention,temporal occipital parietal,R,207.0,33.063481392557094,88980.0,-7.186067873193117e-06,Q41,38.245000000000005,38.218,0.3279372762326018,50
301,7Networks_RH_SalVentAttn_PrC_1,7networks_rh_salventattn_prc,7Networks_RH_SalVentAttn_PrC,salience / ventral attention,precentral,R,253.0,50.25214885954381,122092.0,-7.186067873193117e-06,Q41,38.245000000000005,38.218,0.3279372762326018,50
302,7Networks_RH_SalVentAttn_FrOperIns_1,7networks_rh_salventattn_froperins,7Networks_RH_SalVentAttn_FrOperIns,salience / ventral attention,frontal operculum insula,R,249.0,41.66439375750308,108241.0,-7.186067873193117e-06,Q41,38.245000000000005,38.218,0.3279372762326018,50
303,7Networks_RH_SalVentAttn_FrOperIns_2,7networks_rh_salventattn_froperins,7Networks_RH_SalVentAttn_FrOperIns,salience / ventral attention,frontal operculum insula,R,222.0,36.37728691476593,160974.0,-7.186067873193117e-06,Q41,38.245000000000005,38.218,0.3279372762326018,50
304,7Networks_RH_SalVentAttn_FrOperIns_3,7networks_rh_salventattn_froperins,7Networks_RH_SalVentAttn_FrOperIns,salience / ventral attention,frontal operculum insula,R,239.0,41.732581032413016,140602.0,-7.186067873193117e-06,Q41,38.245000000000005,38.218,0.3279372762326018,50
305,7Networks_RH_SalVentAttn_FrOperIns_4,7networks_rh_salventattn_froperins,7Networks_RH_SalVentAttn_FrOperIns,salience / ventral attention,frontal operculum insula,R,233.0,39.88624249699879,138808.0,-7.186067873193117e-06,Q41,38.245000000000005,38.218,0.3279372762326018,50
306,7Networks_RH_SalVentAttn_FrOperIns_5,7networks_rh_salventattn_froperins,7Networks_RH_SalVentAttn_FrOperIns,salience / ventral attention,frontal operculum insula,R,278.0,52.55198079231693,67483.0,-7.186067873193117e-06,Q41,38.245000000000005,38.218,0.3279372762326018,50
307,7Networks_RH_SalVentAttn_FrOperIns_6,7networks_rh_salventattn_froperins,7Networks_RH_SalVentAttn_FrOperIns,salience / ventral attention,frontal operculum insula,R,201.0,32.20297719087637,182508.0,-7.186067873193117e-06,Q41,38.245000000000005,38.218,0.3279372762326018,50
308,7Networks_RH_SalVentAttn_FrOperIns_7,7networks_rh_salventattn_froperins,7Networks_RH_SalVentAttn_FrOperIns,salience / ventral attention,frontal operculum insula,R,268.0,55.372917166866706,43445.0,-7.186067873193117e-06,Q41,38.245000000000005,38.218,0.3279372762326018,50
309,7Networks_RH_SalVentAttn_FrOperIns_8,7networks_rh_salventattn_froperins,7Networks_RH_SalVentAttn_FrOperIns,salience / ventral attention,frontal operculum insula,R,229.0,46.241488595438184,61678.0,-7.186067873193117e-06,Q41,38.245000000000005,38.218,0.3279372762326018,50
310,7Networks_RH_SalVentAttn_PFCl_1,7networks_rh_salventattn_pfcl,7Networks_RH_SalVentAttn_PFCl,salience / ventral attention,lateral prefrontal cortex,R,281.0,51.50804321728689,82014.0,-7.186067873193117e-06,Q41,38.245000000000005,38.218,0.3279372762326018,50
311,7Networks_RH_SalVentAttn_Med_1,7networks_rh_salventattn_med,7Networks_RH_SalVentAttn_Med,salience / ventral attention,medial,R,269.0,50.605186074429746,154170.0,-7.186067873193117e-06,Q41,38.245000000000005,38.218,0.3279372762326018,50
312,7Networks_RH_SalVentAttn_Med_2,7networks_rh_salventattn_med,7Networks_RH_SalVentAttn_Med,salience / ventral attention,medial,R,291.0,51.85551020408164,99736.0,-7.186067873193117e-06,Q41,38.245000000000005,38.218,0.3279372762326018,50
313,7Networks_RH_SalVentAttn_Med_3,7networks_rh_salventattn_med,7Networks_RH_SalVentAttn_Med,salience / ventral attention,medial,R,245.0,47.62597839135653,179886.0,-7.186067873193117e-06,Q41,38.245000000000005,38.218,0.3279372762326018,50
314,7Networks_RH_SalVentAttn_Med_4,7networks_rh_salventattn_med,7Networks_RH_SalVentAttn_Med,salience / ventral attention,medial,R,327.0,76.05949579831936,530.0,-7.186067873193117e-06,Q41,38.245000000000005,38.218,0.3279372762326018,50
315,7Networks_RH_SalVentAttn_Med_5,7networks_rh_salventattn_med,7Networks_RH_SalVentAttn_Med,salience / ventral attention,medial,R,163.0,18.59548619447778,111438.0,-7.186067873193117e-06,Q41,38.245000000000005,38.218,0.3279372762326018,50
316,7Networks_RH_SalVentAttn_Med_6,7networks_rh_salventattn_med,7Networks_RH_SalVentAttn_Med,salience / ventral attention,medial,R,241.0,43.80451380552221,30713.0,-7.186067873193117e-06,Q41,38.245000000000005,38.218,0.3279372762326018,50
317,7Networks_RH_SalVentAttn_Med_7,7networks_rh_salventattn_med,7Networks_RH_SalVentAttn_Med,salience / ventral attention,medial,R,235.0,40.00859543817527,64117.0,-7.186067873193117e-06,Q41,38.245000000000005,38.218,0.3279372762326018,50
318,7Networks_RH_SalVentAttn_Med_8,7networks_rh_salventattn_med,7Networks_RH_SalVentAttn_Med,salience / ventral attention,medial,R,129.0,1.8646338535414133,148571.0,-7.186067873193117e-06,Q41,38.245000000000005,38.218,0.3279372762326018,50
319,7Networks_RH_Limbic_OFC_1,7networks_rh_limbic_ofc,7Networks_RH_Limbic_OFC,limbic,orbital frontal cortex,R,146.0,11.32384153661465,126455.0,-7.186067873193117e-06,Q41,38.245000000000005,38.218,0.3279372762326018,50
320,7Networks_RH_Limbic_OFC_2,7networks_rh_limbic_ofc,7Networks_RH_Limbic_OFC,limbic,orbital frontal cortex,R,314.0,67.91034813925575,8032.0,-7.186067873193117e-06,Q41,38.245000000000005,38.218,0.3279372762326018,50
321,7Networks_RH_Limbic_OFC_3,7networks_rh_limbic_ofc,7Networks_RH_Limbic_OFC,limbic,orbital frontal cortex,R,240.0,43.52100840336136,63761.0,-7.186067873193117e-06,Q41,38.245000000000005,38.218,0.3279372762326018,50
322,7Networks_RH_Limbic_OFC_4,7networks_rh_limbic_ofc,7Networks_RH_Limbic_OFC,limbic,orbital frontal cortex,R,290.0,61.945690276110476,38812.0,-7.186067873193117e-06,Q41,38.245000000000005,38.218,0.3279372762326018,50
323,7Networks_RH_Limbic_OFC_5,7networks_rh_limbic_ofc,7Networks_RH_Limbic_OFC,limbic,orbital frontal cortex,R,280.0,51.284945978391384,179490.0,-7.186067873193117e-06,Q41,38.245000000000005,38.218,0.3279372762326018,50
324,7Networks_RH_Limbic_OFC_6,7networks_rh_limbic_ofc,7Networks_RH_Limbic_OFC,limbic,orbital frontal cortex,R,287.0,64.99855942376959,10162.0,-7.186067873193117e-06,Q41,38.245000000000005,38.218,0.3279372762326018,50
325,7Networks_RH_Limbic_TempPole_1,7networks_rh_limbic_temppole,7Networks_RH_Limbic_TempPole,limbic,temporal pole,R,292.0,65.10199279711885,20582.0,-7.186067873193117e-06,Q41,38.245000000000005,38.218,0.3279372762326018,50
326,7Networks_RH_Limbic_TempPole_2,7networks_rh_limbic_temppole,7Networks_RH_Limbic_TempPole,limbic,temporal pole,R,166.0,16.08388955582233,89826.0,-7.186067873193117e-06,Q41,38.245000000000005,38.218,0.3279372762326018,50
327,7Networks_RH_Limbic_TempPole_3,7networks_rh_limbic_temppole,7Networks_RH_Limbic_TempPole,limbic,temporal pole,R,210.0,33.613973589435744,110798.0,-7.186067873193117e-06,Q41,38.245000000000005,38.218,0.3279372762326018,50
328,7Networks_RH_Limbic_TempPole_4,7networks_rh_limbic_temppole,7Networks_RH_Limbic_TempPole,limbic,temporal pole,R,134.0,2.411092436974792,148281.0,-7.186067873193117e-06,Q41,38.245000000000005,38.218,0.3279372762326018,50
329,7Networks_RH_Limbic_TempPole_5,7networks_rh_limbic_temppole,7Networks_RH_Limbic_TempPole,limbic,temporal pole,R,256.0,48.18741896758698,51756.0,-7.186067873193117e-06,Q41,38.245000000000005,38.218,0.3279372762326018,50
330,7Networks_RH_Limbic_TempPole_6,7networks_rh_limbic_temppole,7Networks_RH_Limbic_TempPole,limbic,temporal pole,R,157.0,16.377671068427365,105221.0,-7.186067873193117e-06,Q41,38.245000000000005,38.218,0.3279372762326018,50
331,7Networks_RH_Limbic_TempPole_7,7networks_rh_limbic_temppole,7Networks_RH_Limbic_TempPole,limbic,temporal pole,R,267.0,55.382809123649444,25037.5,-7.186067873193117e-06,Q41,38.245000000000005,38.218,0.3279372762326018,50
332,7Networks_RH_Cont_Par_1,7networks_rh_cont_par,7Networks_RH_Cont_Par,control,parietal,R,317.0,68.55438175270109,5683.0,-7.186067873193117e-06,Q41,38.245000000000005,38.218,0.3279372762326018,50
333,7Networks_RH_Cont_Par_2,7networks_rh_cont_par,7Networks_RH_Cont_Par,control,parietal,R,192.0,27.022953181272488,97384.0,-7.186067873193117e-06,Q41,38.245000000000005,38.218,0.3279372762326018,50
334,7Networks_RH_Cont_Par_3,7networks_rh_cont_par,7Networks_RH_Cont_Par,control,parietal,R,272.0,53.11822328931568,15848.0,-7.186067873193117e-06,Q41,38.245000000000005,38.218,0.3279372762326018,50
335,7Networks_RH_Cont_Par_4,7networks_rh_cont_par,7Networks_RH_Cont_Par,control,parietal,R,276.0,58.93997599039614,164283.0,-7.186067873193117e-06,Q41,38.245000000000005,38.218,0.3279372762326018,50
336,7Networks_RH_Cont_Par_5,7networks_rh_cont_par,7Networks_RH_Cont_Par,control,parietal,R,166.0,14.544393757503007,121329.0,-7.186067873193117e-06,Q41,38.245000000000005,38.218,0.3279372762326018,50
337,7Networks_RH_Cont_Par_6,7networks_rh_cont_par,7Networks_RH_Cont_Par,control,parietal,R,329.0,72.98357743097235,4338.0,-7.186067873193117e-06,Q41,38.245000000000005,38.218,0.3279372762326018,50
338,7Networks_RH_Cont_Temp_1,7networks_rh_cont_temp,7Networks_RH_Cont_Temp,control,temporal,R,129.0,0.7158223289315722,163068.0,-7.186067873193117e-06,Q41,38.245000000000005,38.218,0.3279372762326018,50
339,7Networks_RH_Cont_Temp_2,7networks_rh_cont_temp,7Networks_RH_Cont_Temp,control,temporal,R,228.0,41.09459783913564,43304.0,-7.186067873193117e-06,Q41,38.245000000000005,38.218,0.3279372762326018,50
340,7Networks_RH_Cont_PFCv_1,7networks_rh_cont_pfcv,7Networks_RH_Cont_PFCv,control,ventral prefrontal cortex,R,206.0,25.018151260504215,139187.0,-7.186067873193117e-06,Q41,38.245000000000005,38.218,0.3279372762326018,50
341,7Networks_RH_Cont_PFCl_1,7networks_rh_cont_pfcl,7Networks_RH_Cont_PFCl,control,lateral prefrontal cortex,R,242.0,42.88331332533008,86055.0,-7.186067873193117e-06,Q41,38.245000000000005,38.218,0.3279372762326018,50
342,7Networks_RH_Cont_PFCl_2,7networks_rh_cont_pfcl,7Networks_RH_Cont_PFCl,control,lateral prefrontal cortex,R,248.0,48.001104441776754,84432.0,-7.186067873193117e-06,Q41,38.245000000000005,38.218,0.3279372762326018,50
343,7Networks_RH_Cont_PFCl_3,7networks_rh_cont_pfcl,7Networks_RH_Cont_PFCl,control,lateral prefrontal cortex,R,291.0,60.5701320528212,13109.0,-7.186067873193117e-06,Q41,38.245000000000005,38.218,0.3279372762326018,50
344,7Networks_RH_Cont_PFCl_4,7networks_rh_cont_pfcl,7Networks_RH_Cont_PFCl,control,lateral prefrontal cortex,R,178.0,17.736806722689078,137108.0,-7.186067873193117e-06,Q41,38.245000000000005,38.218,0.3279372762326018,50
345,7Networks_RH_Cont_PFCl_5,7networks_rh_cont_pfcl,7Networks_RH_Cont_PFCl,control,lateral prefrontal cortex,R,234.0,44.06708283313323,49731.0,-7.186067873193117e-06,Q41,38.245000000000005,38.218,0.3279372762326018,50
346,7Networks_RH_Cont_PFCl_6,7networks_rh_cont_pfcl,7Networks_RH_Cont_PFCl,control,lateral prefrontal cortex,R,235.0,39.9260024009604,147829.0,-7.186067873193117e-06,Q41,38.245000000000005,38.218,0.3279372762326018,50
347,7Networks_RH_Cont_PFCl_7,7networks_rh_cont_pfcl,7Networks_RH_Cont_PFCl,control,lateral prefrontal cortex,R,262.0,47.37906362545017,46970.0,-7.186067873193117e-06,Q41,38.245000000000005,38.218,0.3279372762326018,50
348,7Networks_RH_Cont_PFCl_8,7networks_rh_cont_pfcl,7Networks_RH_Cont_PFCl,control,lateral prefrontal cortex,R,224.0,34.864873949579845,133885.0,-7.186067873193117e-06,Q41,38.245000000000005,38.218,0.3279372762326018,50
349,7Networks_RH_Cont_PFCl_9,7networks_rh_cont_pfcl,7Networks_RH_Cont_PFCl,control,lateral prefrontal cortex,R,255.0,40.56331332533016,193928.0,-7.186067873193117e-06,Q41,38.245000000000005,38.218,0.3279372762326018,50
350,7Networks_RH_Cont_PFCl_10,7networks_rh_cont_pfcl,7Networks_RH_Cont_PFCl,control,lateral prefrontal cortex,R,277.0,52.63390156062431,139099.0,-7.186067873193117e-06,Q41,38.245000000000005,38.218,0.3279372762326018,50
351,7Networks_RH_Cont_PFCl_11,7networks_rh_cont_pfcl,7Networks_RH_Cont_PFCl,control,lateral prefrontal cortex,R,233.0,37.15903961584634,62810.0,-7.186067873193117e-06,Q41,38.245000000000005,38.218,0.3279372762326018,50
352,7Networks_RH_Cont_PFCl_12,7networks_rh_cont_pfcl,7Networks_RH_Cont_PFCl,control,lateral prefrontal cortex,R,224.0,34.1303721488595,82375.0,-7.186067873193117e-06,Q41,38.245000000000005,38.218,0.3279372762326018,50
353,7Networks_RH_Cont_PFCl_13,7networks_rh_cont_pfcl,7Networks_RH_Cont_PFCl,control,lateral prefrontal cortex,R,278.0,54.367106842737066,61482.0,-7.186067873193117e-06,Q41,38.245000000000005,38.218,0.3279372762326018,50
354,7Networks_RH_Cont_PFCl_14,7networks_rh_cont_pfcl,7Networks_RH_Cont_PFCl,control,lateral prefrontal cortex,R,235.0,38.9040576230492,89785.0,-7.186067873193117e-06,Q41,38.245000000000005,38.218,0.3279372762326018,50
355,7Networks_RH_Cont_PFCl_15,7networks_rh_cont_pfcl,7Networks_RH_Cont_PFCl,control,lateral prefrontal cortex,R,206.0,29.91505402160863,108507.0,-7.186067873193117e-06,Q41,38.245000000000005,38.218,0.3279372762326018,50
356,7Networks_RH_Cont_pCun_1,7networks_rh_cont_pcun,7Networks_RH_Cont_pCun,control,precuneus,R,176.0,19.11342136854742,107728.0,-7.186067873193117e-06,Q41,38.245000000000005,38.218,0.3279372762326018,50
357,7Networks_RH_Cont_pCun_2,7networks_rh_cont_pcun,7Networks_RH_Cont_pCun,control,precuneus,R,256.0,37.548187274909985,139968.0,-7.186067873193117e-06,Q41,38.245000000000005,38.218,0.3279372762326018,50
358,7Networks_RH_Cont_Cing_1,7networks_rh_cont_cing,7Networks_RH_Cont_Cing,control,cingulate,R,121.0,-1.0318847539015559,173290.0,-7.186067873193117e-06,Q41,38.245000000000005,38.218,0.3279372762326018,50
359,7Networks_RH_Cont_Cing_2,7networks_rh_cont_cing,7Networks_RH_Cont_Cing,control,cingulate,R,185.0,23.645954381752723,83880.0,-7.186067873193117e-06,Q41,38.245000000000005,38.218,0.3279372762326018,50
360,7Networks_RH_Cont_PFCmp_1,7networks_rh_cont_pfcmp,7Networks_RH_Cont_PFCmp,control,medial posterior prefrontal cortex,R,285.0,58.17983193277309,190124.0,-7.186067873193117e-06,Q41,38.245000000000005,38.218,0.3279372762326018,50
361,7Networks_RH_Cont_PFCmp_2,7networks_rh_cont_pfcmp,7Networks_RH_Cont_PFCmp,control,medial posterior prefrontal cortex,R,307.0,71.66276110444164,39173.0,-7.186067873193117e-06,Q41,38.245000000000005,38.218,0.3279372762326018,50
362,7Networks_RH_Default_Par_1,7networks_rh_default_par,7Networks_RH_Default_Par,default,parietal,R,213.0,28.69767106842737,96771.0,-7.186067873193117e-06,Q41,38.245000000000005,38.218,0.3279372762326018,50
363,7Networks_RH_Default_Par_2,7networks_rh_default_par,7Networks_RH_Default_Par,default,parietal,R,256.0,47.47212484993995,134899.0,-7.186067873193117e-06,Q41,38.245000000000005,38.218,0.3279372762326018,50
364,7Networks_RH_Default_Par_3,7networks_rh_default_par,7Networks_RH_Default_Par,default,parietal,R,280.0,55.768595438175254,52554.0,-7.186067873193117e-06,Q41,38.245000000000005,38.218,0.3279372762326018,50
365,7Networks_RH_Default_Par_4,7networks_rh_default_par,7Networks_RH_Default_Par,default,parietal,R,162.0,9.931860744297698,192919.0,-7.186067873193117e-06,Q41,38.245000000000005,38.218,0.3279372762326018,50
366,7Networks_RH_Default_Par_5,7networks_rh_default_par,7Networks_RH_Default_Par,default,parietal,R,268.0,52.451332533013165,24404.0,-7.186067873193117e-06,Q41,38.245000000000005,38.218,0.3279372762326018,50
367,7Networks_RH_Default_Temp_1,7networks_rh_default_temp,7Networks_RH_Default_Temp,default,temporal,R,205.0,29.75121248499399,64414.0,-7.186067873193117e-06,Q41,38.245000000000005,38.218,0.3279372762326018,50
368,7Networks_RH_Default_Temp_2,7networks_rh_default_temp,7Networks_RH_Default_Temp,default,temporal,R,130.0,7.209171668667467,161412.0,-7.186067873193117e-06,Q41,38.245000000000005,38.218,0.3279372762326018,50
369,7Networks_RH_Default_Temp_3,7networks_rh_default_temp,7Networks_RH_Default_Temp,default,temporal,R,246.0,44.41608643457386,39506.0,-7.186067873193117e-06,Q41,38.245000000000005,38.218,0.3279372762326018,50
370,7Networks_RH_Default_Temp_4,7networks_rh_default_temp,7Networks_RH_Default_Temp,default,temporal,R,235.0,39.673325330132066,53443.0,-7.186067873193117e-06,Q41,38.245000000000005,38.218,0.3279372762326018,50
371,7Networks_RH_Default_Temp_5,7networks_rh_default_temp,7Networks_RH_Default_Temp,default,temporal,R,238.0,41.4751020408163,83879.0,-7.186067873193117e-06,Q41,38.245000000000005,38.218,0.3279372762326018,50
372,7Networks_RH_Default_Temp_6,7networks_rh_default_temp,7Networks_RH_Default_Temp,default,temporal,R,273.0,47.827659063625426,91170.0,-7.186067873193117e-06,Q41,38.245000000000005,38.218,0.3279372762326018,50
373,7Networks_RH_Default_Temp_7,7networks_rh_default_temp,7Networks_RH_Default_Temp,default,temporal,R,257.0,44.671932773109276,83583.0,-7.186067873193117e-06,Q41,38.245000000000005,38.218,0.3279372762326018,50
374,7Networks_RH_Default_Temp_8,7networks_rh_default_temp,7Networks_RH_Default_Temp,default,temporal,R,269.0,54.348763505402154,49310.0,-7.186067873193117e-06,Q41,38.245000000000005,38.218,0.3279372762326018,50
375,7Networks_RH_Default_PFCv_1,7networks_rh_default_pfcv,7Networks_RH_Default_PFCv,default,ventral prefrontal cortex,R,219.0,28.486002400960384,97441.0,-7.186067873193117e-06,Q41,38.245000000000005,38.218,0.3279372762326018,50
376,7Networks_RH_Default_PFCv_2,7networks_rh_default_pfcv,7Networks_RH_Default_PFCv,default,ventral prefrontal cortex,R,261.0,49.50669867947181,108126.0,-7.186067873193117e-06,Q41,38.245000000000005,38.218,0.3279372762326018,50
377,7Networks_RH_Default_PFCv_3,7networks_rh_default_pfcv,7Networks_RH_Default_PFCv,default,ventral prefrontal cortex,R,202.0,28.415990396158442,179854.0,-7.186067873193117e-06,Q41,38.245000000000005,38.218,0.3279372762326018,50
378,7Networks_RH_Default_PFCv_4,7networks_rh_default_pfcv,7Networks_RH_Default_PFCv,default,ventral prefrontal cortex,R,302.0,62.69373349339743,7259.0,-7.186067873193117e-06,Q41,38.245000000000005,38.218,0.3279372762326018,50
379,7Networks_RH_Default_PFCdPFCm_1,7networks_rh_default_pfcdpfcm,7Networks_RH_Default_PFCdPFCm,default,dorsal prefrontal cortex medial prefrontal cortex,R,322.0,73.46184873949579,1277.0,-7.186067873193117e-06,Q41,38.245000000000005,38.218,0.3279372762326018,50
380,7Networks_RH_Default_PFCdPFCm_2,7networks_rh_default_pfcdpfcm,7Networks_RH_Default_PFCdPFCm,default,dorsal prefrontal cortex medial prefrontal cortex,R,259.0,58.22304921968785,6054.0,-7.186067873193117e-06,Q41,38.245000000000005,38.218,0.3279372762326018,50
381,7Networks_RH_Default_PFCdPFCm_3,7networks_rh_default_pfcdpfcm,7Networks_RH_Default_PFCdPFCm,default,dorsal prefrontal cortex medial prefrontal cortex,R,293.0,65.05157262905166,25468.0,-7.186067873193117e-06,Q41,38.245000000000005,38.218,0.3279372762326018,50
382,7Networks_RH_Default_PFCdPFCm_4,7networks_rh_default_pfcdpfcm,7Networks_RH_Default_PFCdPFCm,default,dorsal prefrontal cortex medial prefrontal cortex,R,241.0,42.9849219687875,92263.0,-7.186067873193117e-06,Q41,38.245000000000005,38.218,0.3279372762326018,50
383,7Networks_RH_Default_PFCdPFCm_5,7networks_rh_default_pfcdpfcm,7Networks_RH_Default_PFCdPFCm,default,dorsal prefrontal cortex medial prefrontal cortex,R,268.0,52.55927971188472,77608.0,-7.186067873193117e-06,Q41,38.245000000000005,38.218,0.3279372762326018,50
384,7Networks_RH_Default_PFCdPFCm_6,7networks_rh_default_pfcdpfcm,7Networks_RH_Default_PFCdPFCm,default,dorsal prefrontal cortex medial prefrontal cortex,R,177.0,17.2351980792317,92103.0,-7.186067873193117e-06,Q41,38.245000000000005,38.218,0.3279372762326018,50
385,7Networks_RH_Default_PFCdPFCm_7,7networks_rh_default_pfcdpfcm,7Networks_RH_Default_PFCdPFCm,default,dorsal prefrontal cortex medial prefrontal cortex,R,274.0,55.31078031212484,61945.0,-7.186067873193117e-06,Q41,38.245000000000005,38.218,0.3279372762326018,50
386,7Networks_RH_Default_PFCdPFCm_8,7networks_rh_default_pfcdpfcm,7Networks_RH_Default_PFCdPFCm,default,dorsal prefrontal cortex medial prefrontal cortex,R,287.0,61.97786314525813,33465.0,-7.186067873193117e-06,Q41,38.245000000000005,38.218,0.3279372762326018,50
387,7Networks_RH_Default_PFCdPFCm_9,7networks_rh_default_pfcdpfcm,7Networks_RH_Default_PFCdPFCm,default,dorsal prefrontal cortex medial prefrontal cortex,R,336.0,74.66761104441774,2518.0,-7.186067873193117e-06,Q41,38.245000000000005,38.218,0.3279372762326018,50
388,7Networks_RH_Default_PFCdPFCm_10,7networks_rh_default_pfcdpfcm,7Networks_RH_Default_PFCdPFCm,default,dorsal prefrontal cortex medial prefrontal cortex,R,292.0,58.96600240096041,2109.0,-7.186067873193117e-06,Q41,38.245000000000005,38.218,0.3279372762326018,50
389,7Networks_RH_Default_PFCdPFCm_11,7networks_rh_default_pfcdpfcm,7Networks_RH_Default_PFCdPFCm,default,dorsal prefrontal cortex medial prefrontal cortex,R,304.0,66.8138775510204,11178.0,-7.186067873193117e-06,Q41,38.245000000000005,38.218,0.3279372762326018,50
390,7Networks_RH_Default_PFCdPFCm_12,7networks_rh_default_pfcdpfcm,7Networks_RH_Default_PFCdPFCm,default,dorsal prefrontal cortex medial prefrontal cortex,R,273.0,52.82597839135654,102510.0,-7.186067873193117e-06,Q41,38.245000000000005,38.218,0.3279372762326018,50
391,7Networks_RH_Default_PFCdPFCm_13,7networks_rh_default_pfcdpfcm,7Networks_RH_Default_PFCdPFCm,default,dorsal prefrontal cortex medial prefrontal cortex,R,193.0,26.944777911164483,86748.0,-7.186067873193117e-06,Q41,38.245000000000005,38.218,0.3279372762326018,50
392,7Networks_RH_Default_pCunPCC_1,7networks_rh_default_pcunpcc,7Networks_RH_Default_pCunPCC,default,precuneus posterior cingulate cortex,R,199.0,26.938823529411746,182302.0,-7.186067873193117e-06,Q41,38.245000000000005,38.218,0.3279372762326018,50
393,7Networks_RH_Default_pCunPCC_2,7networks_rh_default_pcunpcc,7Networks_RH_Default_pCunPCC,default,precuneus posterior cingulate cortex,R,70.0,-30.504345738295306,195476.0,-7.186067873193117e-06,Q41,38.245000000000005,38.218,0.3279372762326018,50
394,7Networks_RH_Default_pCunPCC_3,7networks_rh_default_pcunpcc,7Networks_RH_Default_pCunPCC,default,precuneus posterior cingulate cortex,R,153.0,11.70328931572629,187377.0,-7.186067873193117e-06,Q41,38.245000000000005,38.218,0.3279372762326018,50
395,7Networks_RH_Default_pCunPCC_4,7networks_rh_default_pcunpcc,7Networks_RH_Default_pCunPCC,default,precuneus posterior cingulate cortex,R,214.0,30.95534213685472,179478.0,-7.186067873193117e-06,Q41,38.245000000000005,38.218,0.3279372762326018,50
396,7Networks_RH_Default_pCunPCC_5,7networks_rh_default_pcunpcc,7Networks_RH_Default_pCunPCC,default,precuneus posterior cingulate cortex,R,244.0,41.786842737094844,70866.0,-7.186067873193117e-06,Q41,38.245000000000005,38.218,0.3279372762326018,50
397,7Networks_RH_Default_pCunPCC_6,7networks_rh_default_pcunpcc,7Networks_RH_Default_pCunPCC,default,precuneus posterior cingulate cortex,R,200.0,27.971716686674686,144076.0,-7.186067873193117e-06,Q41,38.245000000000005,38.218,0.3279372762326018,50
398,7Networks_RH_Default_pCunPCC_7,7networks_rh_default_pcunpcc,7Networks_RH_Default_pCunPCC,default,precuneus posterior cingulate cortex,R,245.0,41.02871548619445,54043.0,-7.186067873193117e-06,Q41,38.245000000000005,38.218,0.3279372762326018,50
399,7Networks_RH_Default_pCunPCC_8,7networks_rh_default_pcunpcc,7Networks_RH_Default_pCunPCC,default,precuneus posterior cingulate cortex,R,141.0,3.512460984393759,186973.0,-7.186067873193117e-06,Q41,38.245000000000005,38.218,0.3279372762326018,50
400,7Networks_RH_Default_pCunPCC_9,7networks_rh_default_pcunpcc,7Networks_RH_Default_pCunPCC,default,precuneus posterior cingulate cortex,R,238.0,37.44091236494597,132820.0,-7.186067873193117e-06,Q41,38.245000000000005,38.218,0.3279372762326018,50
401,HIP-head-m1-rh,HIP-head-m1,"Hippocampus head, medial division",subcortex,Hippocampus head,R,214.0,31.57997599039617,186443.0,-7.186067873193117e-06,Q41,38.245000000000005,38.218,0.3279372762326018,50
402,HIP-head-m2-rh,HIP-head-m2,"Hippocampus head, medial division",subcortex,Hippocampus head,R,157.0,12.432893157262903,178105.0,-7.186067873193117e-06,Q41,38.245000000000005,38.218,0.3279372762326018,50
403,THA-VAip-rh,THA-VAip,"Thalamus, inferior ventro-anterior part, posterior division",subcortex,Thalamus,R,123.0,7.711932773109238,137144.0,-7.186067873193117e-06,Q41,38.245000000000005,38.218,0.3279372762326018,50
404,THA-VAia-rh,THA-VAia,"Thalamus, inferior ventro-anterior part, anterior division",subcortex,Thalamus,R,125.0,3.8635774309723936,191038.0,-7.186067873193117e-06,Q41,38.245000000000005,38.218,0.3279372762326018,50
405,HIP-head-l-rh,HIP-head-l,"Hippocampus head, lateral division",subcortex,Hippocampus head,R,223.0,34.54343337334933,124324.0,-7.186067873193117e-06,Q41,38.245000000000005,38.218,0.3279372762326018,50
406,HIP-body-rh,HIP-body,Hippocampus body,subcortex,Hippocampus body,R,266.0,54.1529411764706,152484.0,-7.186067873193117e-06,Q41,38.245000000000005,38.218,0.3279372762326018,50
407,HIP-tail-rh,HIP-tail,Hippocampus tail,subcortex,Hippocampus tail,R,203.0,29.119663865546208,152030.0,-7.186067873193117e-06,Q41,38.245000000000005,38.218,0.3279372762326018,50
408,THA-VPm-rh,THA-VPm,"Thalamus, medial ventro-posterior part",subcortex,Thalamus,R,132.0,10.709675870348137,194529.0,-7.186067873193117e-06,Q41,38.245000000000005,38.218,0.3279372762326018,50
409,THA-VPl-rh,THA-VPl,"Thalamus, lateral ventro-posterior part",subcortex,Thalamus,R,139.0,8.612388955582237,149861.0,-7.186067873193117e-06,Q41,38.245000000000005,38.218,0.3279372762326018,50
410,THA-VAs-rh,THA-VAs,"Thalamus, superior ventro-anterior part",subcortex,Thalamus,R,138.0,13.251908763505398,183792.0,-7.186067873193117e-06,Q41,38.245000000000005,38.218,0.3279372762326018,50
411,THA-DAm-rh,THA-DAm,"Thalamus, medial dorso-anterior part",subcortex,Thalamus,R,145.0,14.209795918367352,137211.0,-7.186067873193117e-06,Q41,38.245000000000005,38.218,0.3279372762326018,50
412,THA-DAl-rh,THA-DAl,"Thalamus, lateral dorso-anterior part",subcortex,Thalamus,R,126.0,7.782328931572635,147624.0,-7.186067873193117e-06,Q41,38.245000000000005,38.218,0.3279372762326018,50
413,PUT-VA-rh,PUT-VA,"Putamen, ventro-anterior part",subcortex,Putamen,R,163.0,20.949291716686677,65081.0,-7.186067873193117e-06,Q41,38.245000000000005,38.218,0.3279372762326018,50
414,PUT-DA-rh,PUT-DA,"Putamen, dorso-anterior part",subcortex,Putamen,R,153.0,20.534405762304928,51301.0,-7.186067873193117e-06,Q41,38.245000000000005,38.218,0.3279372762326018,50
415,PUT-VP-rh,PUT-VP,"Putamen, ventro-posterior part",subcortex,Putamen,R,126.0,4.375558223289313,155242.0,-7.186067873193117e-06,Q41,38.245000000000005,38.218,0.3279372762326018,50
416,PUT-DP-rh,PUT-DP,"Putamen, dorso-posterior part",subcortex,Putamen,R,162.0,24.30746698679473,120000.0,-7.186067873193117e-06,Q41,38.245000000000005,38.218,0.3279372762326018,50
417,CAU-VA-rh,CAU-VA,"Caudate, ventro-anterior part",subcortex,Caudate,R,62.0,-35.58861944777907,190256.0,-7.186067873193117e-06,Q41,38.245000000000005,38.218,0.3279372762326018,50
418,CAU-DA-rh,CAU-DA,"Caudate, dorso-anterior part",subcortex,Caudate,R,74.0,-26.79899159663868,187210.0,-7.186067873193117e-06,Q41,38.245000000000005,38.218,0.3279372762326018,50
419,CAU-body-rh,CAU-body,Caudate body,subcortex,Caudate body,R,75.0,-22.011572629051635,188936.0,-7.186067873193117e-06,Q41,38.245000000000005,38.218,0.3279372762326018,50
420,CAU-tail-rh,CAU-tail,Caudate tail,subcortex,Caudate tail,R,66.0,-37.64470588235299,192611.0,-7.186067873193117e-06,Q41,38.245000000000005,38.218,0.3279372762326018,50
421,lAMY-rh,lAMY,"Amygdala, lateral nucleus",subcortex,Amygdala,R,195.0,29.741416566626633,113650.0,-7.186067873193117e-06,Q41,38.245000000000005,38.218,0.3279372762326018,50
422,mAMY-rh,mAMY,"Amygdala, medial nucleus",subcortex,Amygdala,R,227.0,37.26842737094838,65089.0,-7.186067873193117e-06,Q41,38.245000000000005,38.218,0.3279372762326018,50
423,THA-DP-rh,THA-DP,"Thalamus, dorso-posterior part",subcortex,Thalamus,R,212.0,34.5208643457383,193666.0,-7.186067873193117e-06,Q41,38.245000000000005,38.218,0.3279372762326018,50
424,NAc-shell-rh,NAc-shell,"Nucleus Accumbens, shell",subcortex,Nucleus Accumbens,R,123.0,-0.45767106842736793,145331.0,-7.186067873193117e-06,Q41,38.245000000000005,38.218,0.3279372762326018,50
425,NAc-core-rh,NAc-core,"Nucleus Accumbens, core",subcortex,Nucleus Accumbens,R,97.0,-16.32917166866748,181462.0,-7.186067873193117e-06,Q41,38.245000000000005,38.218,0.3279372762326018,50
426,pGP-rh,pGP,"Pallidum, posterior part",subcortex,Pallidum,R,135.0,1.8801920768307259,118594.0,-7.186067873193117e-06,Q41,38.245000000000005,38.218,0.3279372762326018,50
427,aGP-rh,aGP,"Pallidum, anterior part",subcortex,Pallidum,R,169.0,15.392509003601434,103448.0,-7.186067873193117e-06,Q41,38.245000000000005,38.218,0.3279372762326018,50
428,HIP-head-m1-lh,HIP-head-m1,"Hippocampus head, medial division",subcortex,Hippocampus head,L,213.0,32.5393037214886,92683.0,-7.186067873193117e-06,Q41,38.245000000000005,38.218,0.3279372762326018,50
429,HIP-head-m2-lh,HIP-head-m2,"Hippocampus head, medial division",subcortex,Hippocampus head,L,163.0,11.176038415366149,170242.0,-7.186067873193117e-06,Q41,38.245000000000005,38.218,0.3279372762326018,50
430,THA-VAip-lh,THA-VAip,"Thalamus, inferior ventro-anterior part, posterior division",subcortex,Thalamus,L,134.0,12.556110444177667,136329.0,-7.186067873193117e-06,Q41,38.245000000000005,38.218,0.3279372762326018,50
431,THA-VAia-lh,THA-VAia,"Thalamus, inferior ventro-anterior part, anterior division",subcortex,Thalamus,L,141.0,12.605378151260508,195797.0,-7.186067873193117e-06,Q41,38.245000000000005,38.218,0.3279372762326018,50
432,HIP-head-l-lh,HIP-head-l,"Hippocampus head, lateral division",subcortex,Hippocampus head,L,190.0,25.637599039615843,172925.0,-7.186067873193117e-06,Q41,38.245000000000005,38.218,0.3279372762326018,50
433,HIP-body-lh,HIP-body,Hippocampus body,subcortex,Hippocampus body,L,221.0,33.172100840336135,129379.0,-7.186067873193117e-06,Q41,38.245000000000005,38.218,0.3279372762326018,50
434,HIP-tail-lh,HIP-tail,Hippocampus tail,subcortex,Hippocampus tail,L,221.0,35.40816326530612,123351.0,-7.186067873193117e-06,Q41,38.245000000000005,38.218,0.3279372762326018,50
435,THA-VPm-lh,THA-VPm,"Thalamus, medial ventro-posterior part",subcortex,Thalamus,L,160.0,19.945786314525808,95596.0,-7.186067873193117e-06,Q41,38.245000000000005,38.218,0.3279372762326018,50
436,THA-VPl-lh,THA-VPl,"Thalamus, lateral ventro-posterior part",subcortex,Thalamus,L,158.0,22.29114045618246,147118.0,-7.186067873193117e-06,Q41,38.245000000000005,38.218,0.3279372762326018,50
437,THA-VAs-lh,THA-VAs,"Thalamus, superior ventro-anterior part",subcortex,Thalamus,L,120.0,4.896182472989198,196390.0,-7.186067873193117e-06,Q41,38.245000000000005,38.218,0.3279372762326018,50
438,THA-DAm-lh,THA-DAm,"Thalamus, medial dorso-anterior part",subcortex,Thalamus,L,140.0,15.938487394957988,83061.0,-7.186067873193117e-06,Q41,38.245000000000005,38.218,0.3279372762326018,50
439,THA-DAl-lh,THA-DAl,"Thalamus, lateral dorso-anterior part",subcortex,Thalamus,L,124.0,11.349771908763515,139584.0,-7.186067873193117e-06,Q41,38.245000000000005,38.218,0.3279372762326018,50
440,PUT-VA-lh,PUT-VA,"Putamen, ventro-anterior part",subcortex,Putamen,L,166.0,21.201008403361342,51101.0,-7.186067873193117e-06,Q41,38.245000000000005,38.218,0.3279372762326018,50
441,PUT-DA-lh,PUT-DA,"Putamen, dorso-anterior part",subcortex,Putamen,L,166.0,26.984537815126053,126482.0,-7.186067873193117e-06,Q41,38.245000000000005,38.218,0.3279372762326018,50
442,PUT-VP-lh,PUT-VP,"Putamen, ventro-posterior part",subcortex,Putamen,L,111.0,-2.263289315726312,188105.0,-7.186067873193117e-06,Q41,38.245000000000005,38.218,0.3279372762326018,50
443,PUT-DP-lh,PUT-DP,"Putamen, dorso-posterior part",subcortex,Putamen,L,164.0,21.493829531812718,83131.0,-7.186067873193117e-06,Q41,38.245000000000005,38.218,0.3279372762326018,50
444,CAU-VA-lh,CAU-VA,"Caudate, ventro-anterior part",subcortex,Caudate,L,105.0,-12.271260504201672,156496.0,-7.186067873193117e-06,Q41,38.245000000000005,38.218,0.3279372762326018,50
445,CAU-DA-lh,CAU-DA,"Caudate, dorso-anterior part",subcortex,Caudate,L,87.0,-23.076734693877572,179932.0,-7.186067873193117e-06,Q41,38.245000000000005,38.218,0.3279372762326018,50
446,CAU-body-lh,CAU-body,Caudate body,subcortex,Caudate body,L,101.0,-4.97291716686675,153244.0,-7.186067873193117e-06,Q41,38.245000000000005,38.218,0.3279372762326018,50
447,CAU-tail-lh,CAU-tail,Caudate tail,subcortex,Caudate tail,L,77.0,-18.07159663865544,174451.0,-7.186067873193117e-06,Q41,38.245000000000005,38.218,0.3279372762326018,50
448,lAMY-lh,lAMY,"Amygdala, lateral nucleus",subcortex,Amygdala,L,196.0,28.481296518607422,94668.0,-7.186067873193117e-06,Q41,38.245000000000005,38.218,0.3279372762326018,50
449,mAMY-lh,mAMY,"Amygdala, medial nucleus",subcortex,Amygdala,L,197.0,26.257911164465785,191565.0,-7.186067873193117e-06,Q41,38.245000000000005,38.218,0.3279372762326018,50
450,THA-DP-lh,THA-DP,"Thalamus, dorso-posterior part",subcortex,Thalamus,L,221.0,40.759615846338534,67396.0,-7.186067873193117e-06,Q41,38.245000000000005,38.218,0.3279372762326018,50
451,NAc-shell-lh,NAc-shell,"Nucleus Accumbens, shell",subcortex,Nucleus Accumbens,L,90.0,-15.165090036014396,144812.0,-7.186067873193117e-06,Q41,38.245000000000005,38.218,0.3279372762326018,50
452,NAc-core-lh,NAc-core,"Nucleus Accumbens, core",subcortex,Nucleus Accumbens,L,94.0,-17.11303721488596,182156.0,-7.186067873193117e-06,Q41,38.245000000000005,38.218,0.3279372762326018,50
453,pGP-lh,pGP,"Pallidum, posterior part",subcortex,Pallidum,L,221.0,32.3131332533013,162303.0,-7.186067873193117e-06,Q41,38.245000000000005,38.218,0.3279372762326018,50
454,aGP-lh,aGP,"Pallidum, anterior part",subcortex,Pallidum,L,193.0,25.947515006002405,89179.0,-7.186067873193117e-06,Q41,38.245000000000005,38.218,0.3279372762326018,50
